report_key,report_label,year,analyst,company,ticker,rating,price_target,stock_price,price_as_of
2023-01,Jan-Feb 2023,2023,Brian Bittner,Restaurant Brands International,QSR,O,,66.35,1/13/23
2023-01,Jan-Feb 2023,2023,"Brian Nagel, CFA",Home Depot Inc.,HD,O,,331.21,1/13/23
2023-01,Jan-Feb 2023,2023,Brian Schwartz,"Workday, Inc.",WDAY,O,,167.15,1/13/23
2023-01,Jan-Feb 2023,2023,"Bryan Blair, CFA",Carlisle Companies Inc.,CSL,O,,239.43,1/13/23
2023-01,Jan-Feb 2023,2023,Chris Kotowski,KKR & Co.,KKR,O,,54,1/13/23
2023-01,Jan-Feb 2023,2023,Christopher Glynn,Regal Rexnord Corp.,RRX,O,,137.33,1/13/23
2023-01,Jan-Feb 2023,2023,Colin Rusch,Wolfspeed Inc.,WOLF,O,,79.87,1/13/23
2023-01,Jan-Feb 2023,2023,"Dominick Gabriele, CFA",Jack Henry,JKHY,O,,181.76,1/13/23
2023-01,Jan-Feb 2023,2023,Francois Brisebois,Harmony BioSciences Holdings,HRMY,O,,47.42,1/13/23
2023-01,Jan-Feb 2023,2023,Hartaj Singh,United Therapeutics,UTHR,O,,261.04,1/13/23
2023-01,Jan-Feb 2023,2023,"Ian Zaffino, CFA","EnPro Industries, Inc.",NPO,O,,117.6,1/13/23
2023-01,Jan-Feb 2023,2023,Ittai Kidron,Palo Alto Networks Inc.,PANW,O,,138.86,1/13/23
2023-01,Jan-Feb 2023,2023,Jason Helfstein,"Roku, Inc.",ROKU,O,,50.82,1/13/23
2023-01,Jan-Feb 2023,2023,"Jay Olson, CFA",Prothena Corp.,PRTA,O,,56.9,1/13/23
2023-01,Jan-Feb 2023,2023,"Jed Kelly, CFA",Genius Sports Limited,GENI,O,,4.39,1/13/23
2023-01,Jan-Feb 2023,2023,Jeff Jones,Pliant Therapeutics Inc.,PLRX,O,,23.44,1/13/23
2023-01,Jan-Feb 2023,2023,Justin Kim,"Cytokinetics, Inc.",CYTK,O,,42.46,1/13/23
2023-01,Jan-Feb 2023,2023,Ken Wong,Shopify Inc.,SHOP,O,,38.89,1/13/23
2023-01,Jan-Feb 2023,2023,"Kristen Owen, CFA",Bentley Systems,BSY,O,,37.98,1/13/23
2023-01,Jan-Feb 2023,2023,Leland Gershell,Ascendis Pharma,ASND,O,,115.03,1/13/23
2023-01,Jan-Feb 2023,2023,"Mark Breidenbach, Ph.D.",Seres Therapeutics,MCRB,O,,5.48,1/13/23
2023-01,Jan-Feb 2023,2023,Martin Yang,Universal Display Corp.,OLED,O,,128.58,1/13/23
2023-01,Jan-Feb 2023,2023,Matthew Biegler,IDEAYA Biosciences,IDYA,O,,18.72,1/13/23
2023-01,Jan-Feb 2023,2023,Michael Wiederhorn,The Ensign Group,ENSG,O,,98.53,1/13/23
2023-01,Jan-Feb 2023,2023,"Mitchel Penn, CFA",Owl Rock Capital Corp.,ORCC,O,,12.88,1/13/23
2023-01,Jan-Feb 2023,2023,Noah Kaye,Hannon Armstrong Sustainable Infrastructure,HASI,O,,34.9,1/13/23
2023-01,Jan-Feb 2023,2023,"Owen Lau, CFA",CBOE Global Markets,CBOE,O,,124.49,1/13/23
2023-01,Jan-Feb 2023,2023,Rick Schafer,Marvell Technology Group,MRVL,O,,40.67,1/13/23
2023-01,Jan-Feb 2023,2023,"Rupesh Parikh, CFA",Dollar General Corporation,DG,O,,233.52,1/13/23
2023-01,Jan-Feb 2023,2023,"Scott Schneeberger, CFA",Target Hospitality,TH,O,,18,1/13/23
2023-01,Jan-Feb 2023,2023,Steven Lichtman,DexCom Inc.,DXCM,O,,108.47,1/13/23
2023-01,Jan-Feb 2023,2023,Suraj Kalia,iRhythm,IRTC,O,,101.79,1/13/23
2023-01,Jan-Feb 2023,2023,"Timothy Horan, CFA",Amdocs Ltd.,DOX,O,,89.51,1/13/23
2023-01,Jan-Feb 2023,2023,Tyler Batory,RLJ Lodging Trust,RLJ,O,,11.27,1/13/23
2023-02,Feb-Mar 2023,2023,Brian Bittner,Restaurant Brands International,QSR,O,,67.75,2/21/23
2023-02,Feb-Mar 2023,2023,"Brian Nagel, CFA",Home Depot Inc.,HD,O,,295.5,2/21/23
2023-02,Feb-Mar 2023,2023,Brian Schwartz,"Workday, Inc.",WDAY,O,,181.92,2/21/23
2023-02,Feb-Mar 2023,2023,"Bryan Blair, CFA",Carlisle Companies Inc.,CSL,O,,259.73,2/21/23
2023-02,Feb-Mar 2023,2023,Chris Kotowski,KKR & Co.,KKR,O,,55.7,2/21/23
2023-02,Feb-Mar 2023,2023,Christopher Glynn,Regal Rexnord Corp.,RRX,O,,153.86,2/21/23
2023-02,Feb-Mar 2023,2023,Colin Rusch,Albemarle,ALB,O,,241.96,2/21/23
2023-02,Feb-Mar 2023,2023,"Dominick Gabriele, CFA",Global Payments Inc.,GPN,O,,113.12,2/21/23
2023-02,Feb-Mar 2023,2023,Francois Brisebois,Avadel Pharmaceuticals,AVDL,O,,8.08,2/21/23
2023-02,Feb-Mar 2023,2023,Hartaj Singh,United Therapeutics,UTHR,O,,255.25,2/21/23
2023-02,Feb-Mar 2023,2023,"Ian Zaffino, CFA",Spectrum Brands,SPB,O,,62.45,2/21/23
2023-02,Feb-Mar 2023,2023,Ittai Kidron,Palo Alto Networks Inc.,PANW,O,,166.89,2/21/23
2023-02,Feb-Mar 2023,2023,Jason Helfstein,"Uber Technologies, Inc.",UBER,O,,34.2,2/21/23
2023-02,Feb-Mar 2023,2023,"Jay Olson, CFA",Prothena Corp.,PRTA,O,,51.37,2/21/23
2023-02,Feb-Mar 2023,2023,"Jed Kelly, CFA",Genius Sports Limited,GENI,O,,5.03,2/21/23
2023-02,Feb-Mar 2023,2023,Jeff Jones,Pliant Therapeutics Inc.,PLRX,O,,30.43,2/21/23
2023-02,Feb-Mar 2023,2023,Justin Kim,"Cytokinetics, Inc.",CYTK,O,,42.04,2/21/23
2023-02,Feb-Mar 2023,2023,Ken Wong,Wix.com Ltd,WIX,O,,80.87,2/21/23
2023-02,Feb-Mar 2023,2023,"Kristen Owen, CFA",Bentley Systems,BSY,O,,40.01,2/21/23
2023-02,Feb-Mar 2023,2023,Leland Gershell,UroGen Pharma Ltd.,URGN,O,,9.43,2/21/23
2023-02,Feb-Mar 2023,2023,"Mark Breidenbach, Ph.D.",Seres Therapeutics,MCRB,O,,5.01,2/21/23
2023-02,Feb-Mar 2023,2023,Martin Yang,Universal Display Corp.,OLED,O,,126.87,2/21/23
2023-02,Feb-Mar 2023,2023,Matthew Biegler,Fulcrum Therapeutics Inc.,FULC,O,,12.07,2/21/23
2023-02,Feb-Mar 2023,2023,Michael Wiederhorn,CIGNA Corp.,CI,O,,293.98,2/21/23
2023-02,Feb-Mar 2023,2023,"Mitchel Penn, CFA",Owl Rock Capital Corp.,ORCC,O,,12.99,2/21/23
2023-02,Feb-Mar 2023,2023,Noah Kaye,Hannon Armstrong Sustainable Infrastructure,HASI,O,,32.09,2/21/23
2023-02,Feb-Mar 2023,2023,"Owen Lau, CFA",CBOE Global Markets,CBOE,O,,128.46,2/21/23
2023-02,Feb-Mar 2023,2023,Rick Schafer,Marvell Technology Group,MRVL,O,,42.6,2/21/23
2023-02,Feb-Mar 2023,2023,"Rupesh Parikh, CFA","Ulta Beauty, Inc.",ULTA,O,,524.94,2/21/23
2023-02,Feb-Mar 2023,2023,"Scott Schneeberger, CFA",Target Hospitality,TH,O,,15.9,2/21/23
2023-02,Feb-Mar 2023,2023,Steven Lichtman,DexCom Inc.,DXCM,O,,114.01,2/21/23
2023-02,Feb-Mar 2023,2023,Suraj Kalia,iRhythm,IRTC,O,,108.45,2/21/23
2023-02,Feb-Mar 2023,2023,"Timothy Horan, CFA",Amdocs Ltd.,DOX,O,,95.06,2/21/23
2023-02,Feb-Mar 2023,2023,Tyler Batory,RLJ Lodging Trust,RLJ,O,,11.29,2/21/23
2023-03,Mar-Apr 2023,2023,Brian Bittner,Restaurant Brands International,QSR,O,,60.54,3/13/23
2023-03,Mar-Apr 2023,2023,"Brian Nagel, CFA",Lowe's Cos.,LOW,O,,197.55,3/13/23
2023-03,Mar-Apr 2023,2023,Brian Schwartz,"Workday, Inc.",WDAY,O,,181.25,3/13/23
2023-03,Mar-Apr 2023,2023,"Bryan Blair, CFA",Carlisle Companies Inc.,CSL,O,,237.23,3/13/23
2023-03,Mar-Apr 2023,2023,Chris Kotowski,KKR & Co.,KKR,O,,49.83,3/13/23
2023-03,Mar-Apr 2023,2023,Christopher Glynn,Regal Rexnord Corp.,RRX,O,,148.51,3/13/23
2023-03,Mar-Apr 2023,2023,Colin Rusch,Albemarle,ALB,O,,222.99,3/13/23
2023-03,Mar-Apr 2023,2023,"Dominick Gabriele, CFA",Visa Inc.,V,O,,214.47,3/13/23
2023-03,Mar-Apr 2023,2023,Francois Brisebois,"Dyne Therapeutics, Inc.",DYN,O,,13.18,3/13/23
2023-03,Mar-Apr 2023,2023,Hartaj Singh,United Therapeutics,UTHR,O,,224.72,3/13/23
2023-03,Mar-Apr 2023,2023,"Ian Zaffino, CFA",Spectrum Brands,SPB,O,,57.8,3/13/23
2023-03,Mar-Apr 2023,2023,Ittai Kidron,Palo Alto Networks Inc.,PANW,O,,185.9,3/13/23
2023-03,Mar-Apr 2023,2023,Jason Helfstein,"Netflix, Inc.",NFLX,O,,293.51,3/13/23
2023-03,Mar-Apr 2023,2023,"Jay Olson, CFA",Prothena Corp.,PRTA,O,,48.42,3/13/23
2023-03,Mar-Apr 2023,2023,"Jed Kelly, CFA","CarGurus, Inc.",CARG,O,,17.05,3/13/23
2023-03,Mar-Apr 2023,2023,Jeff Jones,Pliant Therapeutics Inc.,PLRX,O,,28.2,3/13/23
2023-03,Mar-Apr 2023,2023,Justin Kim,"Cytokinetics, Inc.",CYTK,O,,37.27,3/13/23
2023-03,Mar-Apr 2023,2023,Ken Wong,Wix.com Ltd,WIX,O,,86.11,3/13/23
2023-03,Mar-Apr 2023,2023,"Kristen Owen, CFA",Bentley Systems,BSY,O,,38.92,3/13/23
2023-03,Mar-Apr 2023,2023,Leland Gershell,UroGen Pharma Ltd.,URGN,O,,9.45,3/13/23
2023-03,Mar-Apr 2023,2023,"Mark Breidenbach, Ph.D.",Seres Therapeutics,MCRB,O,,5.38,3/13/23
2023-03,Mar-Apr 2023,2023,Martin Yang,Universal Display Corp.,OLED,O,,136.96,3/13/23
2023-03,Mar-Apr 2023,2023,Matthew Biegler,IDEAYA Biosciences,IDYA,O,,15.99,3/13/23
2023-03,Mar-Apr 2023,2023,Michael Wiederhorn,CIGNA Corp.,CI,O,,273.05,3/13/23
2023-03,Mar-Apr 2023,2023,"Mitchel Penn, CFA",Owl Rock Capital Corp.,ORCC,O,,12.21,3/13/23
2023-03,Mar-Apr 2023,2023,Noah Kaye,"Johnson Controls, Inc.",JCI,O,,60.53,3/13/23
2023-03,Mar-Apr 2023,2023,"Owen Lau, CFA",CBOE Global Markets,CBOE,O,,122.26,3/13/23
2023-03,Mar-Apr 2023,2023,Rick Schafer,Marvell Technology Group,MRVL,O,,37.99,3/13/23
2023-03,Mar-Apr 2023,2023,"Rupesh Parikh, CFA","Ulta Beauty, Inc.",ULTA,O,,513.68,3/13/23
2023-03,Mar-Apr 2023,2023,"Scott Schneeberger, CFA",Target Hospitality,TH,O,,16.71,3/13/23
2023-03,Mar-Apr 2023,2023,Steven Lichtman,DexCom Inc.,DXCM,O,,110.66,3/13/23
2023-03,Mar-Apr 2023,2023,Suraj Kalia,TransMedics,TMDX,O,,73.01,3/13/23
2023-03,Mar-Apr 2023,2023,"Timothy Horan, CFA",Amdocs Ltd.,DOX,O,,89.9,3/13/23
2023-03,Mar-Apr 2023,2023,Tyler Batory,Playa Hotels and Resorts NV,PLYA,O,,8.65,3/13/23
2023-04,Apr-May 2023,2023,Brian Bittner,Restaurant Brands International,QSR,O,,67.5,4/14/23
2023-04,Apr-May 2023,2023,"Brian Nagel, CFA",lululemon athletica inc.,LULU,O,,368.25,4/14/23
2023-04,Apr-May 2023,2023,Brian Schwartz,"Workday, Inc.",WDAY,O,,194.04,4/14/23
2023-04,Apr-May 2023,2023,"Bryan Blair, CFA",Carlisle Companies Inc.,CSL,O,,210.88,4/14/23
2023-04,Apr-May 2023,2023,Chris Kotowski,KKR & Co.,KKR,O,,51.91,4/14/23
2023-04,Apr-May 2023,2023,Christopher Glynn,Regal Rexnord Corp.,RRX,O,,131.66,4/14/23
2023-04,Apr-May 2023,2023,Colin Rusch,Albemarle,ALB,O,,204,4/14/23
2023-04,Apr-May 2023,2023,"Dominick Gabriele, CFA",Visa Inc.,V,O,,234.02,4/14/23
2023-04,Apr-May 2023,2023,Francois Brisebois,"Dyne Therapeutics, Inc.",DYN,O,,9.1,4/14/23
2023-04,Apr-May 2023,2023,Hartaj Singh,United Therapeutics,UTHR,O,,228.72,4/14/23
2023-04,Apr-May 2023,2023,"Ian Zaffino, CFA",Spectrum Brands,SPB,O,,68.31,4/14/23
2023-04,Apr-May 2023,2023,Ittai Kidron,Palo Alto Networks Inc.,PANW,O,,199.44,4/14/23
2023-04,Apr-May 2023,2023,Jason Helfstein,"Netflix, Inc.",NFLX,O,,338.63,4/14/23
2023-04,Apr-May 2023,2023,"Jay Olson, CFA",Prothena Corp.,PRTA,O,,50.43,4/14/23
2023-04,Apr-May 2023,2023,"Jed Kelly, CFA","DraftKings, Inc.",DKNG,O,,19.16,4/14/23
2023-04,Apr-May 2023,2023,Jeff Jones,Pliant Therapeutics Inc.,PLRX,O,,26.5,4/14/23
2023-04,Apr-May 2023,2023,Justin Kim,"Cytokinetics, Inc.",CYTK,O,,34.78,4/14/23
2023-04,Apr-May 2023,2023,Ken Wong,Guidewire Software Inc.,GWRE,O,,77.95,4/14/23
2023-04,Apr-May 2023,2023,"Kristen Owen, CFA",Bentley Systems,BSY,O,,42.5,4/14/23
2023-04,Apr-May 2023,2023,Leland Gershell,UroGen Pharma Ltd.,URGN,O,,9.63,4/14/23
2023-04,Apr-May 2023,2023,"Mark Breidenbach, Ph.D.",Seres Therapeutics,MCRB,O,,5.86,4/14/23
2023-04,Apr-May 2023,2023,Martin Yang,Universal Display Corp.,OLED,O,,145.51,4/14/23
2023-04,Apr-May 2023,2023,Matthew Biegler,IDEAYA Biosciences,IDYA,O,,13.8,4/14/23
2023-04,Apr-May 2023,2023,Michael Wiederhorn,CIGNA Corp.,CI,O,,259.1,4/14/23
2023-04,Apr-May 2023,2023,"Mitchel Penn, CFA",Owl Rock Capital Corp.,ORCC,O,,12.88,4/14/23
2023-04,Apr-May 2023,2023,Noah Kaye,HASI,HASI,O,,27.88,4/14/23
2023-04,Apr-May 2023,2023,"Owen Lau, CFA",CBOE Global Markets,CBOE,O,,136.76,4/14/23
2023-04,Apr-May 2023,2023,Rick Schafer,Marvell Technology Group,MRVL,O,,40.29,4/14/23
2023-04,Apr-May 2023,2023,"Rupesh Parikh, CFA","Ulta Beauty, Inc.",ULTA,O,,534.66,4/14/23
2023-04,Apr-May 2023,2023,"Scott Schneeberger, CFA",Target Hospitality,TH,O,,12.58,4/14/23
2023-04,Apr-May 2023,2023,Steven Lichtman,Integra LifeSciences Holdings,IART,O,,58.98,4/14/23
2023-04,Apr-May 2023,2023,Suraj Kalia,TransMedics,TMDX,O,,66.23,4/14/23
2023-04,Apr-May 2023,2023,"Timothy Horan, CFA",Amdocs Ltd.,DOX,O,,96.11,4/14/23
2023-04,Apr-May 2023,2023,Tyler Batory,Playa Hotels and Resorts NV,PLYA,O,,9.39,4/14/23
2023-05,May-Jun 2023,2023,Brian Bittner,Restaurant Brands International,QSR,O,,71.8,5/24/23
2023-05,May-Jun 2023,2023,"Brian Nagel, CFA",lululemon athletica inc.,LULU,O,,344.58,5/24/23
2023-05,May-Jun 2023,2023,Brian Schwartz,"Workday, Inc.",WDAY,O,,196.19,5/24/23
2023-05,May-Jun 2023,2023,"Bryan Blair, CFA",Pentair plc,PNR,O,,56.75,5/24/23
2023-05,May-Jun 2023,2023,Chris Kotowski,KKR & Co.,KKR,O,,49.44,5/24/23
2023-05,May-Jun 2023,2023,Christopher Glynn,Regal Rexnord Corp.,RRX,O,,127.07,5/24/23
2023-05,May-Jun 2023,2023,Colin Rusch,Albemarle,ALB,O,,212.23,5/24/23
2023-05,May-Jun 2023,2023,"Dominick Gabriele, CFA",Visa Inc.,V,O,,222.25,5/24/23
2023-05,May-Jun 2023,2023,Francois Brisebois,"Dyne Therapeutics, Inc.",DYN,O,,13.49,5/24/23
2023-05,May-Jun 2023,2023,Hartaj Singh,United Therapeutics,UTHR,O,,214.09,5/24/23
2023-05,May-Jun 2023,2023,"Ian Zaffino, CFA",Spectrum Brands,SPB,O,,71.91,5/24/23
2023-05,May-Jun 2023,2023,Ittai Kidron,Palo Alto Networks Inc.,PANW,O,,204.31,5/24/23
2023-05,May-Jun 2023,2023,Jason Helfstein,"Uber Technologies, Inc.",UBER,O,,37.96,5/24/23
2023-05,May-Jun 2023,2023,"Jay Olson, CFA",Prothena Corp.,PRTA,O,,69.63,5/24/23
2023-05,May-Jun 2023,2023,"Jed Kelly, CFA","CarGurus, Inc.",CARG,O,,18.74,5/24/23
2023-05,May-Jun 2023,2023,Jeff Jones,Ventyx Biosciences,VTYX,O,,35.92,5/24/23
2023-05,May-Jun 2023,2023,Justin Kim,"Cytokinetics, Inc.",CYTK,O,,38.14,5/24/23
2023-05,May-Jun 2023,2023,Ken Wong,Guidew ire Softw are Inc.,GWRE,O,,79.17,5/24/23
2023-05,May-Jun 2023,2023,"Kristen Owen, CFA",Bentley Systems,BSY,O,,47.06,5/24/23
2023-05,May-Jun 2023,2023,Leland Gershell,UroGen Pharma Ltd.,URGN,O,,11.2,5/24/23
2023-05,May-Jun 2023,2023,"Mark Breidenbach, Ph.D.",Iovance Biotherapeutics,IOVA,O,,8.07,5/24/23
2023-05,May-Jun 2023,2023,Martin Yang,Universal Display Corp.,OLED,O,,145.93,5/24/23
2023-05,May-Jun 2023,2023,Matthew Biegler,IDEAYA Biosciences,IDYA,O,,22.61,5/24/23
2023-05,May-Jun 2023,2023,Michael Wiederhorn,CIGNA Corp.,CI,O,,249.76,5/24/23
2023-05,May-Jun 2023,2023,"Mitchel Penn, CFA",Owl Rock Capital Corp.,ORCC,O,,13.26,5/24/23
2023-05,May-Jun 2023,2023,Noah Kaye,"Johnson Controls, Inc.",JCI,O,,60.75,5/24/23
2023-05,May-Jun 2023,2023,"Owen Lau, CFA",CBOE Global Markets,CBOE,O,,135.53,5/24/23
2023-05,May-Jun 2023,2023,Rick Schafer,Marvell Technology Group,MRVL,O,,45.98,5/24/23
2023-05,May-Jun 2023,2023,"Rupesh Parikh, CFA","Ulta Beauty, Inc.",ULTA,O,,481.43,5/24/23
2023-05,May-Jun 2023,2023,"Scott Schneeberger, CFA",WillScot Mobile Mini Holdings,WSC,O,,44.54,5/24/23
2023-05,May-Jun 2023,2023,Steven Lichtman,Zimmer Biomet Holdings,ZBH,O,,128.62,5/24/23
2023-05,May-Jun 2023,2023,Suraj Kalia,TransMedics,TMDX,O,,71.6,5/24/23
2023-05,May-Jun 2023,2023,"Timothy Horan, CFA",Amdocs Ltd.,DOX,O,,93.67,5/24/23
2023-05,May-Jun 2023,2023,Tyler Batory,Playa Hotels and Resorts NV,PLYA,O,,8.89,5/24/23
2023-06,Jun-Jul 2023,2023,Brian Bittner,Restaurant Brands International,QSR,O,,76.23,6/14/23
2023-06,Jun-Jul 2023,2023,"Brian Nagel, CFA",lululemon athletica inc.,LULU,O,,377.21,6/14/23
2023-06,Jun-Jul 2023,2023,Brian Schwartz,"Workday, Inc.",WDAY,O,,217.31,6/14/23
2023-06,Jun-Jul 2023,2023,"Bryan Blair, CFA",Pentair plc,PNR,O,,60.59,6/14/23
2023-06,Jun-Jul 2023,2023,Chris Kotowski,KKR & Co.,KKR,O,,57.03,6/14/23
2023-06,Jun-Jul 2023,2023,Christopher Glynn,Regal Rexnord Corp.,RRX,O,,148.04,6/14/23
2023-06,Jun-Jul 2023,2023,Colin Rusch,Albemarle,ALB,O,,226.8,6/14/23
2023-06,Jun-Jul 2023,2023,"Dominick Gabriele, CFA","Visa, Inc.",V,O,,233.44,6/14/23
2023-06,Jun-Jul 2023,2023,Francois Brisebois,"Dyne Therapeutics, Inc.",DYN,O,,12.4,6/14/23
2023-06,Jun-Jul 2023,2023,Hartaj Singh,United Therapeutics,UTHR,O,,226.28,6/14/23
2023-06,Jun-Jul 2023,2023,"Ian Zaffino, CFA",Spectrum Brands,SPB,O,,74.42,6/14/23
2023-06,Jun-Jul 2023,2023,Ittai Kidron,Palo Alto Networks Inc.,PANW,O,,238.56,6/14/23
2023-06,Jun-Jul 2023,2023,Jason Helfstein,"Uber Technologies, Inc.",UBER,O,,41.27,6/14/23
2023-06,Jun-Jul 2023,2023,"Jay Olson, CFA",Prothena Corp.,PRTA,O,,71.85,6/14/23
2023-06,Jun-Jul 2023,2023,"Jed Kelly, CFA","CarGurus, Inc.",CARG,O,,22.26,6/14/23
2023-06,Jun-Jul 2023,2023,Jeff Jones,Ventyx Biosciences,VTYX,O,,35.04,6/14/23
2023-06,Jun-Jul 2023,2023,Justin Kim,"Cytokinetics, Inc.",CYTK,O,,35.01,6/14/23
2023-06,Jun-Jul 2023,2023,Ken Wong,Guidew ire Softw are Inc.,GWRE,O,,72.56,6/14/23
2023-06,Jun-Jul 2023,2023,"Kristen Owen, CFA",Bentley Systems,BSY,O,,53.42,6/14/23
2023-06,Jun-Jul 2023,2023,Leland Gershell,UroGen Pharma Ltd.,URGN,O,,12.49,6/14/23
2023-06,Jun-Jul 2023,2023,"Mark Breidenbach, Ph.D.","Alpine Immune Sciences, Inc.",ALPN,O,,11.1,6/14/23
2023-06,Jun-Jul 2023,2023,Martin Yang,Universal Display Corp.,OLED,O,,145.36,6/14/23
2023-06,Jun-Jul 2023,2023,Matthew Biegler,IDEAYA Biosciences,IDYA,O,,24.84,6/14/23
2023-06,Jun-Jul 2023,2023,Michael Wiederhorn,"UnitedHealth Group, Inc.",UNH,O,,459.86,6/14/23
2023-06,Jun-Jul 2023,2023,"Mitchel Penn, CFA",Owl Rock Capital Corp.,ORCC,O,,13.42,6/14/23
2023-06,Jun-Jul 2023,2023,Noah Kaye,Carrier Global Corp.,CARR,O,,46.16,6/14/23
2023-06,Jun-Jul 2023,2023,"Owen Lau, CFA",MSCI Inc.,MSCI,O,,486.2,6/14/23
2023-06,Jun-Jul 2023,2023,Rick Schafer,Marvell Technology Group,MRVL,O,,62.96,6/14/23
2023-06,Jun-Jul 2023,2023,"Rupesh Parikh, CFA","Ulta Beauty, Inc.",ULTA,O,,443.58,6/14/23
2023-06,Jun-Jul 2023,2023,"Scott Schneeberger, CFA",GXO Logistics,GXO,O,,62.04,6/14/23
2023-06,Jun-Jul 2023,2023,Steven Lichtman,Zimmer Biomet Holdings,ZBH,O,,142.01,6/14/23
2023-06,Jun-Jul 2023,2023,Suraj Kalia,TransMedics,TMDX,O,,81.76,6/14/23
2023-06,Jun-Jul 2023,2023,"Timothy Horan, CFA",Amdocs Ltd.,DOX,O,,95.71,6/14/23
2023-06,Jun-Jul 2023,2023,Tyler Batory,Playa Hotels and Resorts NV,PLYA,O,,9.13,6/14/23
2023-07,Jul-Aug 2023,2023,Brian Bittner,Restaurant Brands International,QSR,O,,77.29,7/14/23
2023-07,Jul-Aug 2023,2023,"Brian Nagel, CFA",Low e's Cos.,LOW,O,,228.74,7/14/23
2023-07,Jul-Aug 2023,2023,Brian Schwartz,"Workday, Inc.",WDAY,O,,223.91,7/14/23
2023-07,Jul-Aug 2023,2023,"Bryan Blair, CFA",Pentair plc,PNR,O,,65.87,7/14/23
2023-07,Jul-Aug 2023,2023,Chris Kotowski,KKR & Co.,KKR,O,,60.56,7/14/23
2023-07,Jul-Aug 2023,2023,Christopher Glynn,Regal Rexnord Corp.,RRX,O,,148.68,7/14/23
2023-07,Jul-Aug 2023,2023,Colin Rusch,Albemarle,ALB,O,,235.27,7/14/23
2023-07,Jul-Aug 2023,2023,"Dominick Gabriele, CFA",American Express Company,AXP,O,,173.39,7/14/23
2023-07,Jul-Aug 2023,2023,Francois Brisebois,"Dyne Therapeutics, Inc.",DYN,O,,11.1,7/14/23
2023-07,Jul-Aug 2023,2023,Hartaj Singh,United Therapeutics,UTHR,O,,232,7/14/23
2023-07,Jul-Aug 2023,2023,"Ian Zaffino, CFA",Spectrum Brands,SPB,O,,77.77,7/14/23
2023-07,Jul-Aug 2023,2023,Ittai Kidron,Palo Alto Networks Inc.,PANW,O,,241.26,7/14/23
2023-07,Jul-Aug 2023,2023,Jason Helfstein,"Uber Technologies, Inc.",UBER,O,,44.75,7/14/23
2023-07,Jul-Aug 2023,2023,"Jay Olson, CFA",Prothena Corp.,PRTA,O,,70.01,7/14/23
2023-07,Jul-Aug 2023,2023,"Jed Kelly, CFA","DraftKings, Inc.",DKNG,O,,30.55,7/14/23
2023-07,Jul-Aug 2023,2023,Jeff Jones,Ventyx Biosciences,VTYX,O,,35.84,7/14/23
2023-07,Jul-Aug 2023,2023,Justin Kim,"Cytokinetics, Inc.",CYTK,O,,34.93,7/14/23
2023-07,Jul-Aug 2023,2023,Ken Wong,Guidew ire Softw are Inc.,GWRE,O,,78.87,7/14/23
2023-07,Jul-Aug 2023,2023,"Kristen Owen, CFA",Bentley Systems,BSY,O,,53.92,7/14/23
2023-07,Jul-Aug 2023,2023,Leland Gershell,Viridian,VRDN,O,,22.22,7/14/23
2023-07,Jul-Aug 2023,2023,Martin Yang,Universal Display Corp.,OLED,O,,144.25,7/14/23
2023-07,Jul-Aug 2023,2023,Matthew Biegler,IDEAYA Biosciences,IDYA,O,,22.67,7/14/23
2023-07,Jul-Aug 2023,2023,Michael Wiederhorn,Centene Corp.,CNC,O,,65.63,7/14/23
2023-07,Jul-Aug 2023,2023,"Mitchel Penn, CFA",Blue Owl Capital Corp.,OBDC,O,,13.9,7/14/23
2023-07,Jul-Aug 2023,2023,Noah Kaye,"Hannon Armstrong Sustainable Infrastructure Capital, Inc.",HASI,O,,26.2,7/14/23
2023-07,Jul-Aug 2023,2023,"Owen Lau, CFA",MSCI Inc.,MSCI,O,,497.18,7/14/23
2023-07,Jul-Aug 2023,2023,Rick Schafer,Marvell Technology Group,MRVL,O,,63.45,7/14/23
2023-07,Jul-Aug 2023,2023,"Rupesh Parikh, CFA","Chew y, Inc.",CHWY,O,,37.99,7/14/23
2023-07,Jul-Aug 2023,2023,"Scott Schneeberger, CFA",WillScot Mobile Mini Holdings,WSC,O,,47.04,7/14/23
2023-07,Jul-Aug 2023,2023,Steven Lichtman,Zimmer Biomet Holdings,ZBH,O,,142.37,7/14/23
2023-07,Jul-Aug 2023,2023,Suraj Kalia,GE HealthCare,GEHC,O,,81.82,7/14/23
2023-07,Jul-Aug 2023,2023,"Timothy Horan, CFA",Microsoft Corporation,MSFT,O,,345.24,7/14/23
2023-07,Jul-Aug 2023,2023,Tyler Batory,Playa Hotels and Resorts NV,PLYA,O,,8.28,7/14/23
2023-08,Aug-Sep 2023,2023,Brian Bittner,Restaurant Brands International,QSR,O,,69.57,8/23/23
2023-08,Aug-Sep 2023,2023,"Brian Nagel, CFA",Low e's Cos.,LOW,O,,227.19,8/23/23
2023-08,Aug-Sep 2023,2023,Brian Schwartz,ServiceNow Inc.,NOW,O,,568,8/23/23
2023-08,Aug-Sep 2023,2023,"Bryan Blair, CFA",Pentair plc,PNR,O,,67.51,8/23/23
2023-08,Aug-Sep 2023,2023,Chris Kotowski,KKR & Co.,KKR,O,,60.22,8/23/23
2023-08,Aug-Sep 2023,2023,Christopher Glynn,Regal Rexnord Corp.,RRX,O,,154.07,8/23/23
2023-08,Aug-Sep 2023,2023,Colin Rusch,Albemarle,ALB,O,,191.78,8/23/23
2023-08,Aug-Sep 2023,2023,"Dominick Gabriele, CFA",Jack Henry,JKHY,O,,156.53,8/23/23
2023-08,Aug-Sep 2023,2023,Francois Brisebois,"Dyne Therapeutics, Inc.",DYN,O,,11.61,8/23/23
2023-08,Aug-Sep 2023,2023,Hartaj Singh,United Therapeutics,UTHR,O,,231.46,8/23/23
2023-08,Aug-Sep 2023,2023,"Ian Zaffino, CFA",Spectrum Brands,SPB,O,,82.69,8/23/23
2023-08,Aug-Sep 2023,2023,Ittai Kidron,Atlassian Corporation Plc,TEAM,O,,191.69,8/23/23
2023-08,Aug-Sep 2023,2023,Jason Helfstein,"Etsy, Inc.",ETSY,O,,73.08,8/23/23
2023-08,Aug-Sep 2023,2023,"Jay Olson, CFA",CymaBay Therapeutics,CBAY,O,,13.82,8/23/23
2023-08,Aug-Sep 2023,2023,"Jed Kelly, CFA",Genius Sports Limited,GENI,O,,6.38,8/23/23
2023-08,Aug-Sep 2023,2023,Jeff Jones,Ventyx Biosciences,VTYX,O,,32.44,8/23/23
2023-08,Aug-Sep 2023,2023,Justin Kim,"Cytokinetics, Inc.",CYTK,O,,33.05,8/23/23
2023-08,Aug-Sep 2023,2023,Ken Wong,Shopify Inc.,SHOP,O,,56.73,8/23/23
2023-08,Aug-Sep 2023,2023,"Kristen Owen, CFA",Bentley Systems,BSY,O,,47.41,8/23/23
2023-08,Aug-Sep 2023,2023,Leland Gershell,UroGen Pharma Ltd.,URGN,O,,19.9,8/23/23
2023-08,Aug-Sep 2023,2023,Martin Yang,Universal Display Corp.,OLED,O,,152.03,8/23/23
2023-08,Aug-Sep 2023,2023,Matthew Biegler,IDEAYA Biosciences,IDYA,O,,28.11,8/23/23
2023-08,Aug-Sep 2023,2023,Michael Wiederhorn,"UnitedHealth Group, Inc.",UNH,O,,489.44,8/23/23
2023-08,Aug-Sep 2023,2023,"Mitchel Penn, CFA",Blue Owl Capital Corp.,OBDC,O,,13.53,8/23/23
2023-08,Aug-Sep 2023,2023,Noah Kaye,"Johnson Controls, Inc.",JCI,O,,59.29,8/23/23
2023-08,Aug-Sep 2023,2023,"Owen Lau, CFA",MSCI Inc.,MSCI,O,,535.85,8/23/23
2023-08,Aug-Sep 2023,2023,Rick Schafer,Marvell Technology Group,MRVL,O,,61.5,8/23/23
2023-08,Aug-Sep 2023,2023,"Rupesh Parikh, CFA",Costco Wholesale Corp.,COST,O,,540.86,8/23/23
2023-08,Aug-Sep 2023,2023,"Scott Schneeberger, CFA",WillScot Mobile Mini Holdings,WSC,O,,41.38,8/23/23
2023-08,Aug-Sep 2023,2023,Steven Lichtman,Zimmer Biomet Holdings,ZBH,O,,114.85,8/23/23
2023-08,Aug-Sep 2023,2023,Suraj Kalia,GE HealthCare,GEHC,O,,68.99,8/23/23
2023-08,Aug-Sep 2023,2023,"Timothy Horan, CFA",Verizon,VZ,O,,33.19,8/23/23
2023-08,Aug-Sep 2023,2023,Tyler Batory,Playa Hotels and Resorts NV,PLYA,O,,7.38,8/23/23
2023-09,Sep-Oct 2023,2023,Brian Bittner,Restaurant Brands International,QSR,O,,67.59,9/13/23
2023-09,Sep-Oct 2023,2023,"Brian Nagel, CFA",lululemon athletica inc.,LULU,O,,388.97,9/13/23
2023-09,Sep-Oct 2023,2023,Brian Schwartz,ServiceNow Inc.,NOW,O,,591.38,9/13/23
2023-09,Sep-Oct 2023,2023,"Bryan Blair, CFA",Pentair plc,PNR,O,,66.37,9/13/23
2023-09,Sep-Oct 2023,2023,Chris Kotowski,KKR & Co.,KKR,O,,63.22,9/13/23
2023-09,Sep-Oct 2023,2023,Christopher Glynn,Regal Rexnord Corp.,RRX,O,,149.3,9/13/23
2023-09,Sep-Oct 2023,2023,Colin Rusch,Aspen Aerogels Inc.,ASPN,O,,6.26,9/13/23
2023-09,Sep-Oct 2023,2023,"Dominick Gabriele, CFA",Global Payments Inc.,GPN,O,,125.81,9/13/23
2023-09,Sep-Oct 2023,2023,Francois Brisebois,"Dyne Therapeutics, Inc.",DYN,O,,9.27,9/13/23
2023-09,Sep-Oct 2023,2023,George Iwanyc,monday.com Ltd.,MNDY,O,,165.36,9/13/23
2023-09,Sep-Oct 2023,2023,Hartaj Singh,United Therapeutics,UTHR,O,,222.34,9/13/23
2023-09,Sep-Oct 2023,2023,"Ian Zaffino, CFA",Spectrum Brands,SPB,O,,79.91,9/13/23
2023-09,Sep-Oct 2023,2023,Ittai Kidron,Atlassian Corporation Plc,TEAM,O,,208.89,9/13/23
2023-09,Sep-Oct 2023,2023,Jason Helfstein,"Etsy, Inc.",ETSY,O,,64.56,9/13/23
2023-09,Sep-Oct 2023,2023,"Jay Olson, CFA",Mirati Therapeutics,MRTX,O,,34.05,9/13/23
2023-09,Sep-Oct 2023,2023,"Jed Kelly, CFA",Genius Sports Limited,GENI,O,,6.04,9/13/23
2023-09,Sep-Oct 2023,2023,Jeff Jones,Ventyx Biosciences,VTYX,O,,34.06,9/13/23
2023-09,Sep-Oct 2023,2023,Justin Kim,"Cytokinetics, Inc.",CYTK,O,,34.83,9/13/23
2023-09,Sep-Oct 2023,2023,Ken Wong,Shopify Inc.,SHOP,O,,62.62,9/13/23
2023-09,Sep-Oct 2023,2023,"Kristen Owen, CFA",Bentley Systems,BSY,O,,48.61,9/13/23
2023-09,Sep-Oct 2023,2023,Leland Gershell,Crinetics Pharmaceuticals,CRNX,O,,28.54,9/13/23
2023-09,Sep-Oct 2023,2023,Martin Yang,Universal Display Corp.,OLED,O,,162.19,9/13/23
2023-09,Sep-Oct 2023,2023,Matthew Biegler,IDEAYA Biosciences,IDYA,O,,29.18,9/13/23
2023-09,Sep-Oct 2023,2023,Michael Wiederhorn,"UnitedHealth Group, Inc.",UNH,O,,479.84,9/13/23
2023-09,Sep-Oct 2023,2023,"Mitchel Penn, CFA",Blue Owl Capital Corp.,OBDC,O,,13.65,9/13/23
2023-09,Sep-Oct 2023,2023,Noah Kaye,"Waste Connections, Inc.",WCN,O,,141.91,9/13/23
2023-09,Sep-Oct 2023,2023,"Owen Lau, CFA",Nasdaq Inc.,NDAQ,O,,51.1,9/13/23
2023-09,Sep-Oct 2023,2023,Rick Schafer,Marvell Technology Group,MRVL,O,,55.6,9/13/23
2023-09,Sep-Oct 2023,2023,"Rupesh Parikh, CFA",Costco Wholesale Corp.,COST,O,,559.76,9/13/23
2023-09,Sep-Oct 2023,2023,"Scott Schneeberger, CFA",WillScot Mobile Mini Holdings,WSC,O,,41.97,9/13/23
2023-09,Sep-Oct 2023,2023,Steven Lichtman,Zimmer Biomet Holdings,ZBH,O,,120.63,9/13/23
2023-09,Sep-Oct 2023,2023,Suraj Kalia,GE HealthCare,GEHC,O,,64.53,9/13/23
2023-09,Sep-Oct 2023,2023,"Timothy Horan, CFA",Verizon,VZ,O,,33.86,9/13/23
2023-09,Sep-Oct 2023,2023,Tyler Batory,Playa Hotels and Resorts NV,PLYA,O,,7.34,9/13/23
2023-10,Oct-Nov 2023,2023,Brian Bittner,"Domino's Pizza, Inc.",DPZ,O,,348.3,10/23/23
2023-10,Oct-Nov 2023,2023,"Brian Nagel, CFA",lululemon athletica inc.,LULU,O,,402.46,10/23/23
2023-10,Oct-Nov 2023,2023,Brian Schwartz,ServiceNow Inc.,NOW,O,,541.38,10/23/23
2023-10,Oct-Nov 2023,2023,"Bryan Blair, CFA",Pentair plc,PNR,O,,62.31,10/23/23
2023-10,Oct-Nov 2023,2023,Chris Kotowski,KKR & Co.,KKR,O,,55.23,10/23/23
2023-10,Oct-Nov 2023,2023,Christopher Glynn,Regal Rexnord Corp.,RRX,O,,119.03,10/23/23
2023-10,Oct-Nov 2023,2023,Colin Rusch,Aspen Aerogels Inc.,ASPN,O,,6.67,10/23/23
2023-10,Oct-Nov 2023,2023,"Dominick Gabriele, CFA",Visa Inc.,V,O,,231.53,10/23/23
2023-10,Oct-Nov 2023,2023,Francois Brisebois,"Dyne Therapeutics, Inc.",DYN,O,,6.66,10/23/23
2023-10,Oct-Nov 2023,2023,George Iwanyc,monday.com Ltd.,MNDY,O,,137.77,10/23/23
2023-10,Oct-Nov 2023,2023,Hartaj Singh,United Therapeutics,UTHR,O,,224.15,10/23/23
2023-10,Oct-Nov 2023,2023,"Ian Zaffino, CFA","Arcosa, Inc.",ACA,O,,68.61,10/23/23
2023-10,Oct-Nov 2023,2023,Ittai Kidron,Snow flake Inc.,SNOW,O,,148.59,10/23/23
2023-10,Oct-Nov 2023,2023,Jason Helfstein,"Etsy, Inc.",ETSY,O,,64.15,10/23/23
2023-10,Oct-Nov 2023,2023,"Jay Olson, CFA","Revolution Medicines, Inc.",RVMD,O,,18.36,10/23/23
2023-10,Oct-Nov 2023,2023,"Jed Kelly, CFA",Genius Sports Limited,GENI,O,,4.91,10/23/23
2023-10,Oct-Nov 2023,2023,Jeff Jones,Ventyx Biosciences,VTYX,O,,15.63,10/23/23
2023-10,Oct-Nov 2023,2023,Justin Kim,"Alpine Immune Sciences, Inc.",ALPN,O,,9.04,10/23/23
2023-10,Oct-Nov 2023,2023,Ken Wong,Guidew ire Softw are Inc.,GWRE,O,,87.29,10/23/23
2023-10,Oct-Nov 2023,2023,"Kristen Owen, CFA",Bentley Systems,BSY,O,,49.74,10/23/23
2023-10,Oct-Nov 2023,2023,Leland Gershell,Crinetics Pharmaceuticals,CRNX,O,,28.26,10/23/23
2023-10,Oct-Nov 2023,2023,Martin Yang,Universal Display Corp.,OLED,O,,152.85,10/23/23
2023-10,Oct-Nov 2023,2023,Matthew Biegler,IDEAYA Biosciences,IDYA,O,,26.69,10/23/23
2023-10,Oct-Nov 2023,2023,Michael Wiederhorn,"UnitedHealth Group, Inc.",UNH,O,,521.57,10/23/23
2023-10,Oct-Nov 2023,2023,"Mitchel Penn, CFA",Blue Owl Capital Corp.,OBDC,O,,13.33,10/23/23
2023-10,Oct-Nov 2023,2023,Noah Kaye,"Republic Services, Inc.",RSG,O,,144.42,10/23/23
2023-10,Oct-Nov 2023,2023,"Owen Lau, CFA",Nasdaq Inc.,NDAQ,O,,49.82,10/23/23
2023-10,Oct-Nov 2023,2023,Rick Schafer,Marvell Technology Group,MRVL,O,,49.02,10/23/23
2023-10,Oct-Nov 2023,2023,"Rupesh Parikh, CFA",Costco Wholesale Corp.,COST,O,,552.29,10/23/23
2023-10,Oct-Nov 2023,2023,"Scott Schneeberger, CFA",WillScot Mobile Mini Holdings,WSC,O,,38.63,10/23/23
2023-10,Oct-Nov 2023,2023,Steven Lichtman,Zimmer Biomet Holdings,ZBH,O,,105.16,10/23/23
2023-10,Oct-Nov 2023,2023,Suraj Kalia,TransMedics,TMDX,O,,41.31,10/23/23
2023-10,Oct-Nov 2023,2023,"Timothy Horan, CFA",Verizon,VZ,O,,31.39,10/23/23
2023-10,Oct-Nov 2023,2023,Tyler Batory,Playa Hotels and Resorts NV,PLYA,O,,7.01,10/23/23
2023-11,Nov-Dec 2023,2023,Brian Bittner,"Domino's Pizza, Inc.",DPZ,O,,388.27,11/28/23
2023-11,Nov-Dec 2023,2023,"Brian Nagel, CFA",Home Depot Inc.,HD,O,,313.34,11/28/23
2023-11,Nov-Dec 2023,2023,Brian Schwartz,Salesforce Inc.,CRM,O,,224.92,11/28/23
2023-11,Nov-Dec 2023,2023,"Bryan Blair, CFA",Pentair plc,PNR,O,,63.59,11/28/23
2023-11,Nov-Dec 2023,2023,Chris Kotowski,KKR & Co.,KKR,O,,69.38,11/28/23
2023-11,Nov-Dec 2023,2023,Christopher Glynn,Regal Rexnord Corp.,RRX,O,,114.91,11/28/23
2023-11,Nov-Dec 2023,2023,Colin Rusch,Aspen Aerogels Inc.,ASPN,O,,10.93,11/28/23
2023-11,Nov-Dec 2023,2023,"Dominick Gabriele, CFA",Global Payments Inc.,GPN,O,,115.5,11/28/23
2023-11,Nov-Dec 2023,2023,Francois Brisebois,"Dyne Therapeutics, Inc.",DYN,O,,10.4,11/28/23
2023-11,Nov-Dec 2023,2023,George Iwanyc,monday.com Ltd.,MNDY,O,,179.85,11/28/23
2023-11,Nov-Dec 2023,2023,Hartaj Singh,United Therapeutics,UTHR,O,,230.39,11/28/23
2023-11,Nov-Dec 2023,2023,"Ian Zaffino, CFA","Arcosa, Inc.",ACA,O,,72.98,11/28/23
2023-11,Nov-Dec 2023,2023,Ittai Kidron,Snow flake Inc.,SNOW,O,,171.55,11/28/23
2023-11,Nov-Dec 2023,2023,Jason Helfstein,Perion Network,PERI,O,,28.87,11/28/23
2023-11,Nov-Dec 2023,2023,"Jay Olson, CFA","Viking Therapeutics, Inc.",VKTX,O,,11.72,11/28/23
2023-11,Nov-Dec 2023,2023,"Jed Kelly, CFA",Genius Sports Limited,GENI,O,,5.51,11/28/23
2023-11,Nov-Dec 2023,2023,Jeff Jones,Fusion Pharmaceuticals Inc.,FUSN,O,,4.74,11/28/23
2023-11,Nov-Dec 2023,2023,Justin Kim,"Cytokinetics, Inc.",CYTK,O,,31.22,11/28/23
2023-11,Nov-Dec 2023,2023,Ken Wong,Guidew ire Softw are Inc.,GWRE,O,,97.33,11/28/23
2023-11,Nov-Dec 2023,2023,"Kristen Owen, CFA",Bentley Systems,BSY,O,,51.95,11/28/23
2023-11,Nov-Dec 2023,2023,Leland Gershell,Crinetics Pharmaceuticals,CRNX,O,,31.35,11/28/23
2023-11,Nov-Dec 2023,2023,Martin Yang,Universal Display Corp.,OLED,O,,169.18,11/28/23
2023-11,Nov-Dec 2023,2023,Matthew Biegler,IDEAYA Biosciences,IDYA,O,,30.87,11/28/23
2023-11,Nov-Dec 2023,2023,"Michael Phillips, ACAS","Selective Insurance Group, Inc.",SIGI,O,,100.45,11/28/23
2023-11,Nov-Dec 2023,2023,Michael Wiederhorn,"UnitedHealth Group, Inc.",UNH,O,,540.53,11/28/23
2023-11,Nov-Dec 2023,2023,"Mitchel Penn, CFA",Blue Owl Capital Corp.,OBDC,O,,14.71,11/28/23
2023-11,Nov-Dec 2023,2023,Noah Kaye,"Hannon Armstrong Sustainable Infrastructure Capital, Inc.",HASI,O,,24.06,11/28/23
2023-11,Nov-Dec 2023,2023,"Owen Lau, CFA",Nasdaq Inc.,NDAQ,O,,55.58,11/28/23
2023-11,Nov-Dec 2023,2023,Rick Schafer,Marvell Technology Group,MRVL,O,,55.58,11/28/23
2023-11,Nov-Dec 2023,2023,"Rupesh Parikh, CFA",Church & Dw ight,CHD,O,,95.1,11/28/23
2023-11,Nov-Dec 2023,2023,"Scott Schneeberger, CFA",WillScot Mobile Mini Holdings,WSC,O,,38.92,11/28/23
2023-11,Nov-Dec 2023,2023,Steven Lichtman,"RxSight, Inc.",RXST,O,,29.6,11/28/23
2023-11,Nov-Dec 2023,2023,Suraj Kalia,TransMedics,TMDX,O,,70.3,11/28/23
2023-11,Nov-Dec 2023,2023,"Timothy Horan, CFA",Verizon,VZ,O,,37.47,11/28/23
2023-11,Nov-Dec 2023,2023,Tyler Batory,Playa Hotels and Resorts NV,PLYA,O,,7.71,11/28/23
2023-12,Dec-Jan 2024,2023,Brian Bittner,"Domino's Pizza, Inc.",DPZ,O,,400.05,12/15/23
2023-12,Dec-Jan 2024,2023,"Brian Nagel, CFA","Nike, Inc.",NKE,O,,121.55,12/15/23
2023-12,Dec-Jan 2024,2023,Brian Schwartz,Salesforce Inc.,CRM,O,,261.6,12/15/23
2023-12,Dec-Jan 2024,2023,"Bryan Blair, CFA",Pentair plc,PNR,O,,70.93,12/15/23
2023-12,Dec-Jan 2024,2023,Chris Kotowski,Goldman Sachs Group,GS,O,,380.51,12/15/23
2023-12,Dec-Jan 2024,2023,Christopher Glynn,Regal Rexnord Corp.,RRX,O,,146.46,12/15/23
2023-12,Dec-Jan 2024,2023,Colin Rusch,Aspen Aerogels Inc.,ASPN,O,,13.79,12/15/23
2023-12,Dec-Jan 2024,2023,"Dominick Gabriele, CFA",Visa Inc.,V,O,,258.03,12/15/23
2023-12,Dec-Jan 2024,2023,Francois Brisebois,"Dyne Therapeutics, Inc.",DYN,O,,12.7,12/15/23
2023-12,Dec-Jan 2024,2023,George Iwanyc,monday.com Ltd.,MNDY,O,,189.07,12/15/23
2023-12,Dec-Jan 2024,2023,Hartaj Singh,United Therapeutics,UTHR,O,,246.45,12/15/23
2023-12,Dec-Jan 2024,2023,"Ian Zaffino, CFA","Arcosa, Inc.",ACA,O,,80.09,12/15/23
2023-12,Dec-Jan 2024,2023,Ittai Kidron,Snow flake Inc.,SNOW,O,,199.01,12/15/23
2023-12,Dec-Jan 2024,2023,Jason Helfstein,Perion Network,PERI,O,,31.56,12/15/23
2023-12,Dec-Jan 2024,2023,"Jay Olson, CFA","Viking Therapeutics, Inc.",VKTX,O,,18.9,12/15/23
2023-12,Dec-Jan 2024,2023,"Jed Kelly, CFA",Genius Sports Limited,GENI,O,,5.95,12/15/23
2023-12,Dec-Jan 2024,2023,Jeff Jones,Fusion Pharmaceuticals Inc.,FUSN,O,,5.25,12/15/23
2023-12,Dec-Jan 2024,2023,Justin Kim,"Cytokinetics, Inc.",CYTK,O,,36.07,12/15/23
2023-12,Dec-Jan 2024,2023,Ken Wong,PTC Inc.,PTC,O,,171.07,12/15/23
2023-12,Dec-Jan 2024,2023,"Kristen Owen, CFA",Bentley Systems,BSY,O,,50.25,12/15/23
2023-12,Dec-Jan 2024,2023,Leland Gershell,Crinetics Pharmaceuticals,CRNX,O,,34.46,12/15/23
2023-12,Dec-Jan 2024,2023,Martin Yang,Universal Display Corp.,OLED,O,,185.13,12/15/23
2023-12,Dec-Jan 2024,2023,Matthew Biegler,IDEAYA Biosciences,IDYA,O,,35.07,12/15/23
2023-12,Dec-Jan 2024,2023,"Michael Phillips, ACAS",HCI Group Inc.,HCI,O,,85.67,12/15/23
2023-12,Dec-Jan 2024,2023,Michael Wiederhorn,"UnitedHealth Group, Inc.",UNH,O,,531.12,12/15/23
2023-12,Dec-Jan 2024,2023,"Mitchel Penn, CFA",Blue Owl Capital Corp.,OBDC,O,,15.01,12/15/23
2023-12,Dec-Jan 2024,2023,Noah Kaye,"Hannon Armstrong Sustainable Infrastructure Capital, Inc.",HASI,O,,29.01,12/15/23
2023-12,Dec-Jan 2024,2023,"Owen Lau, CFA",Nasdaq Inc.,NDAQ,O,,54.74,12/15/23
2023-12,Dec-Jan 2024,2023,Rick Schafer,Marvell Technology Group,MRVL,O,,59.59,12/15/23
2023-12,Dec-Jan 2024,2023,"Rupesh Parikh, CFA",Church & Dw ight,CHD,O,,91.5,12/15/23
2023-12,Dec-Jan 2024,2023,"Scott Schneeberger, CFA",WillScot Mobile Mini Holdings,WSC,O,,44.7,12/15/23
2023-12,Dec-Jan 2024,2023,Steven Lichtman,"Tandem Diabetes Care, Inc.",TNDM,O,,28.63,12/15/23
2023-12,Dec-Jan 2024,2023,Suraj Kalia,TransMedics,TMDX,O,,77.5,12/15/23
2023-12,Dec-Jan 2024,2023,"Timothy Horan, CFA",Cogent Communications,CCOI,O,,71.74,12/15/23
2023-12,Dec-Jan 2024,2023,Tyler Batory,Playa Hotels and Resorts NV,PLYA,O,,8,12/15/23
2024-01,Jan-Feb 2024,2024,Brian Bittner,"Domino's Pizza, Inc.",DPZ,O,,425.94,1/16/24
2024-01,Jan-Feb 2024,2024,"Brian Nagel, CFA",lululemon athletica inc.,LULU,O,,470.73,1/16/24
2024-01,Jan-Feb 2024,2024,Brian Schwartz,Salesforce Inc.,CRM,O,,269.19,1/16/24
2024-01,Jan-Feb 2024,2024,"Bryan Blair, CFA",Pentair plc,PNR,O,,70.7,1/16/24
2024-01,Jan-Feb 2024,2024,Chris Kotowski,Goldman Sachs Group,GS,O,,380.45,1/16/24
2024-01,Jan-Feb 2024,2024,Christopher Glynn,Regal Rexnord Corp.,RRX,O,,134.58,1/16/24
2024-01,Jan-Feb 2024,2024,Colin Rusch,Aeva Inc.,AEVA,O,,1.01,1/16/24
2024-01,Jan-Feb 2024,2024,"Dominick Gabriele, CFA","Fiserv, Inc.",FI,O,,137,1/16/24
2024-01,Jan-Feb 2024,2024,Francois Brisebois,Savara Inc.,SVRA,O,,4.26,1/16/24
2024-01,Jan-Feb 2024,2024,George Iwanyc,monday.com Ltd.,MNDY,O,,195.19,1/16/24
2024-01,Jan-Feb 2024,2024,Hartaj Singh,United Therapeutics,UTHR,O,,218.72,1/16/24
2024-01,Jan-Feb 2024,2024,"Ian Zaffino, CFA","Arcosa, Inc.",ACA,O,,78.76,1/16/24
2024-01,Jan-Feb 2024,2024,Ittai Kidron,"Crow dStrike Holdings, Inc.",CRWD,O,,286.29,1/16/24
2024-01,Jan-Feb 2024,2024,Jason Helfstein,Perion Network,PERI,O,,28.68,1/16/24
2024-01,Jan-Feb 2024,2024,"Jay Olson, CFA","Viking Therapeutics, Inc.",VKTX,O,,21.26,1/16/24
2024-01,Jan-Feb 2024,2024,"Jed Kelly, CFA","DraftKings, Inc.",DKNG,O,,33.66,1/16/24
2024-01,Jan-Feb 2024,2024,Jeff Jones,Fusion Pharmaceuticals Inc.,FUSN,O,,9.6,1/16/24
2024-01,Jan-Feb 2024,2024,Justin Kim,"Alpine Immune Sciences, Inc.",ALPN,O,,20.63,1/16/24
2024-01,Jan-Feb 2024,2024,Ken Wong,PTC Inc.,PTC,O,,171.59,1/16/24
2024-01,Jan-Feb 2024,2024,"Kristen Owen, CFA",Trimble Inc.,TRMB,O,,50.31,1/16/24
2024-01,Jan-Feb 2024,2024,Leland Gershell,"Catalyst Pharmaceuticals, Inc.",CPRX,O,,14.36,1/16/24
2024-01,Jan-Feb 2024,2024,Martin Yang,Universal Display Corp.,OLED,O,,178.66,1/16/24
2024-01,Jan-Feb 2024,2024,Matthew Biegler,Tyra Biosciences Inc.,TYRA,O,,12.67,1/16/24
2024-01,Jan-Feb 2024,2024,"Michael Phillips, ACAS",HCI Group Inc.,HCI,O,,84.74,1/16/24
2024-01,Jan-Feb 2024,2024,Michael Wiederhorn,"UnitedHealth Group, Inc.",UNH,O,,519.15,1/16/24
2024-01,Jan-Feb 2024,2024,"Mitchel Penn, CFA",Oaktree Specialty Lending Corp.,OCSL,O,,21.14,1/16/24
2024-01,Jan-Feb 2024,2024,Noah Kaye,Hannon Armstrong,HASI,O,,24.44,1/16/24
2024-01,Jan-Feb 2024,2024,"Owen Lau, CFA",Nasdaq Inc.,NDAQ,O,,56.46,1/16/24
2024-01,Jan-Feb 2024,2024,Rick Schafer,Marvell Technology Group,MRVL,O,,65.52,1/16/24
2024-01,Jan-Feb 2024,2024,"Rupesh Parikh, CFA",Church & Dw ight,CHD,O,,98.16,1/16/24
2024-01,Jan-Feb 2024,2024,"Scott Schneeberger, CFA",WillScot Mobile Mini Holdings,WSC,O,,42.84,1/16/24
2024-01,Jan-Feb 2024,2024,Steven Lichtman,"RxSight, Inc.",RXST,O,,45.33,1/16/24
2024-01,Jan-Feb 2024,2024,Suraj Kalia,TransMedics,TMDX,O,,79.29,1/16/24
2024-01,Jan-Feb 2024,2024,"Timothy Horan, CFA",Cogent Communications,CCOI,O,,74.54,1/16/24
2024-01,Jan-Feb 2024,2024,Tyler Batory,Playa Hotels and Resorts NV,PLYA,O,,8.09,1/16/24
2024-02,Feb-Mar 2024,2024,Brian Bittner,"Domino's Pizza, Inc.",DPZ,O,,421.5,2/13/24
2024-02,Feb-Mar 2024,2024,"Brian Nagel, CFA",lululemon athletica inc.,LULU,O,,456.23,2/13/24
2024-02,Feb-Mar 2024,2024,Brian Schwartz,Salesforce Inc.,CRM,O,,281.15,2/13/24
2024-02,Feb-Mar 2024,2024,"Bryan Blair, CFA",Pentair plc,PNR,O,,73.88,2/13/24
2024-02,Feb-Mar 2024,2024,Chris Kotowski,Goldman Sachs Group,GS,O,,378.75,2/13/24
2024-02,Feb-Mar 2024,2024,Christopher Glynn,Regal Rexnord Corp.,RRX,O,,150.21,2/13/24
2024-02,Feb-Mar 2024,2024,Colin Rusch,Aeva Inc.,AEVA,O,,0.94,2/13/24
2024-02,Feb-Mar 2024,2024,"Dominick Gabriele, CFA","Fiserv, Inc.",FI,O,,143.58,2/13/24
2024-02,Feb-Mar 2024,2024,Francois Brisebois,Savara Inc.,SVRA,O,,4.78,2/13/24
2024-02,Feb-Mar 2024,2024,George Iwanyc,monday.com Ltd.,MNDY,O,,215.11,2/13/24
2024-02,Feb-Mar 2024,2024,Hartaj Singh,United Therapeutics,UTHR,O,,213.75,2/13/24
2024-02,Feb-Mar 2024,2024,"Ian Zaffino, CFA",Knife River Corporation,KNF,O,,66.3,2/13/24
2024-02,Feb-Mar 2024,2024,Ittai Kidron,CyberArk Softw are Ltd.,CYBR,O,,263.9,2/13/24
2024-02,Feb-Mar 2024,2024,Jason Helfstein,Integral Ad Science Inc.,IAS,O,,15.71,2/13/24
2024-02,Feb-Mar 2024,2024,"Jay Olson, CFA","Viking Therapeutics, Inc.",VKTX,O,,30.6,2/13/24
2024-02,Feb-Mar 2024,2024,"Jed Kelly, CFA",Expedia Group,EXPE,O,,134.84,2/13/24
2024-02,Feb-Mar 2024,2024,Jeff Jones,Fusion Pharmaceuticals Inc.,FUSN,O,,11.02,2/13/24
2024-02,Feb-Mar 2024,2024,Ken Wong,PTC Inc.,PTC,O,,177.81,2/13/24
2024-02,Feb-Mar 2024,2024,"Kristen Owen, CFA",Trimble Inc.,TRMB,O,,55.96,2/13/24
2024-02,Feb-Mar 2024,2024,Leland Gershell,"Catalyst Pharmaceuticals, Inc.",CPRX,O,,13.18,2/13/24
2024-02,Feb-Mar 2024,2024,Martin Yang,AppLovin Corp.,APP,O,,45.83,2/13/24
2024-02,Feb-Mar 2024,2024,Matthew Biegler,Tyra Biosciences Inc.,TYRA,O,,19,2/13/24
2024-02,Feb-Mar 2024,2024,"Michael Phillips, ACAS",HCI Group Inc.,HCI,O,,93.67,2/13/24
2024-02,Feb-Mar 2024,2024,Michael Wiederhorn,CIGNA Corp.,CI,O,,337.42,2/13/24
2024-02,Feb-Mar 2024,2024,"Mitchel Penn, CFA",Blue Owl Capital Corp.,OBDC,O,,14.77,2/13/24
2024-02,Feb-Mar 2024,2024,Noah Kaye,Hannon Armstrong,HASI,O,,23.55,2/13/24
2024-02,Feb-Mar 2024,2024,"Owen Lau, CFA",Nasdaq Inc.,NDAQ,O,,55.7,2/13/24
2024-02,Feb-Mar 2024,2024,Rick Schafer,NXP Semiconductors NV,NXPI,O,,232.07,2/13/24
2024-02,Feb-Mar 2024,2024,"Rupesh Parikh, CFA",Church & Dw ight,CHD,O,,97.88,2/13/24
2024-02,Feb-Mar 2024,2024,"Scott Schneeberger, CFA",WillScot Mobile Mini Holdings,WSC,O,,50.16,2/13/24
2024-02,Feb-Mar 2024,2024,Steven Lichtman,"RxSight, Inc.",RXST,O,,50.6,2/13/24
2024-02,Feb-Mar 2024,2024,Suraj Kalia,TransMedics,TMDX,O,,85.51,2/13/24
2024-02,Feb-Mar 2024,2024,"Timothy Horan, CFA",Cogent Communications,CCOI,O,,74.75,2/13/24
2024-02,Feb-Mar 2024,2024,Tyler Batory,Playa Hotels and Resorts NV,PLYA,O,,8.35,2/13/24
2024-03,Mar-Apr 2024,2024,Brian Bittner,"Domino's Pizza, Inc.",DPZ,O,,442.79,3/18/24
2024-03,Mar-Apr 2024,2024,"Brian Nagel, CFA",lululemon athletica inc.,LULU,O,,459.57,3/18/24
2024-03,Mar-Apr 2024,2024,Brian Schwartz,Salesforce Inc.,CRM,O,,300.51,3/18/24
2024-03,Mar-Apr 2024,2024,"Bryan Blair, CFA",The Timken Company,TKR,O,,84.54,3/18/24
2024-03,Mar-Apr 2024,2024,Chris Kotowski,Goldman Sachs Group,GS,O,,384.37,3/18/24
2024-03,Mar-Apr 2024,2024,Christopher Glynn,Regal Rexnord Corp.,RRX,O,,173.52,3/18/24
2024-03,Mar-Apr 2024,2024,Colin Rusch,Aeva Inc.,AEVA,O,,1.01,3/18/24
2024-03,Mar-Apr 2024,2024,"Dominick Gabriele, CFA","Fiserv, Inc.",FI,O,,152.15,3/18/24
2024-03,Mar-Apr 2024,2024,Francois Brisebois,Savara Inc.,SVRA,O,,4.71,3/18/24
2024-03,Mar-Apr 2024,2024,George Iwanyc,monday.com Ltd.,MNDY,O,,223.22,3/18/24
2024-03,Mar-Apr 2024,2024,Hartaj Singh,United Therapeutics,UTHR,O,,233.97,3/18/24
2024-03,Mar-Apr 2024,2024,"Ian Zaffino, CFA","Arcosa, Inc.",ACA,O,,80.76,3/18/24
2024-03,Mar-Apr 2024,2024,Ittai Kidron,CyberArk Softw are Ltd.,CYBR,O,,260.92,3/18/24
2024-03,Mar-Apr 2024,2024,Jason Helfstein,Compass Inc.,COMP,O,,3.06,3/18/24
2024-03,Mar-Apr 2024,2024,"Jay Olson, CFA","Viking Therapeutics, Inc.",VKTX,O,,63.35,3/18/24
2024-03,Mar-Apr 2024,2024,"Jed Kelly, CFA",Genius Sports Limited,GENI,O,,5.73,3/18/24
2024-03,Mar-Apr 2024,2024,Ken Wong,Guidew ire Softw are Inc.,GWRE,O,,113.54,3/18/24
2024-03,Mar-Apr 2024,2024,"Kristen Owen, CFA",Trimble Inc.,TRMB,O,,62.45,3/18/24
2024-03,Mar-Apr 2024,2024,Leland Gershell,"Catalyst Pharmaceuticals, Inc.",CPRX,O,,16.08,3/18/24
2024-03,Mar-Apr 2024,2024,Martin Yang,AppLovin Corp.,APP,O,,68.15,3/18/24
2024-03,Mar-Apr 2024,2024,Matthew Biegler,Tyra Biosciences Inc.,TYRA,O,,16.23,3/18/24
2024-03,Mar-Apr 2024,2024,"Michael Phillips, ACAS",HCI Group Inc.,HCI,O,,109.65,3/18/24
2024-03,Mar-Apr 2024,2024,Michael Wiederhorn,CIGNA Corp.,CI,O,,352.63,3/18/24
2024-03,Mar-Apr 2024,2024,"Mitchel Penn, CFA",Blue Owl Capital Corp.,OBDC,O,,15.25,3/18/24
2024-03,Mar-Apr 2024,2024,Noah Kaye,Hannon Armstrong,HASI,O,,25.34,3/18/24
2024-03,Mar-Apr 2024,2024,"Owen Lau, CFA",Nasdaq Inc.,NDAQ,O,,60.29,3/18/24
2024-03,Mar-Apr 2024,2024,Rick Schafer,Broadcom Ltd.,AVGO,O,,123.72,3/18/24
2024-03,Mar-Apr 2024,2024,"Rupesh Parikh, CFA","Ulta Beauty, Inc.",ULTA,O,,532.33,3/18/24
2024-03,Mar-Apr 2024,2024,"Scott Schneeberger, CFA",WillScot Mobile Mini Holdings,WSC,O,,45.05,3/18/24
2024-03,Mar-Apr 2024,2024,Steven Lichtman,"RxSight, Inc.",RXST,O,,46.76,3/18/24
2024-03,Mar-Apr 2024,2024,Suraj Kalia,TransMedics,TMDX,O,,74.16,3/18/24
2024-03,Mar-Apr 2024,2024,"Timothy Horan, CFA",Cogent Communications,CCOI,O,,63.6,3/18/24
2024-03,Mar-Apr 2024,2024,Tyler Batory,Playa Hotels and Resorts NV,PLYA,O,,9.43,3/18/24
2024-04,Apr-May 2024,2024,Brian Bittner,"Domino's Pizza, Inc.",DPZ,O,,486.65,4/16/24
2024-04,Apr-May 2024,2024,"Brian Nagel, CFA",Dick's Sporting Goods,DKS,O,,198.7,4/16/24
2024-04,Apr-May 2024,2024,Brian Schwartz,Salesforce Inc.,CRM,O,,277.41,4/16/24
2024-04,Apr-May 2024,2024,"Bryan Blair, CFA",The Timken Company,TKR,O,,84.77,4/16/24
2024-04,Apr-May 2024,2024,Chris Kotowski,Goldman Sachs Group,GS,O,,396.86,4/16/24
2024-04,Apr-May 2024,2024,Christopher Glynn,Regal Rexnord Corp.,RRX,O,,162.98,4/16/24
2024-04,Apr-May 2024,2024,Colin Rusch,Aspen Aerogels Inc.,ASPN,O,,15.14,4/16/24
2024-04,Apr-May 2024,2024,Francois Brisebois,Savara Inc.,SVRA,O,,5.16,4/16/24
2024-04,Apr-May 2024,2024,George Iwanyc,monday.com Ltd.,MNDY,O,,187.92,4/16/24
2024-04,Apr-May 2024,2024,Hartaj Singh,United Therapeutics,UTHR,O,,231.78,4/16/24
2024-04,Apr-May 2024,2024,"Ian Zaffino, CFA",Knife River Corporation,KNF,O,,78.75,4/16/24
2024-04,Apr-May 2024,2024,Ittai Kidron,CyberArk Softw are Ltd.,CYBR,O,,239.97,4/16/24
2024-04,Apr-May 2024,2024,Jason Helfstein,Compass Inc.,COMP,O,,3.45,4/16/24
2024-04,Apr-May 2024,2024,"Jay Olson, CFA","Viking Therapeutics, Inc.",VKTX,O,,67.95,4/16/24
2024-04,Apr-May 2024,2024,"Jed Kelly, CFA",Genius Sports Limited,GENI,O,,5.12,4/16/24
2024-04,Apr-May 2024,2024,Jeff Jones,Corbus Pharmaceuticals Holdings,CRBP,O,,41.12,4/16/24
2024-04,Apr-May 2024,2024,Ken Wong,Guidew ire Softw are Inc.,GWRE,O,,109.31,4/16/24
2024-04,Apr-May 2024,2024,"Kristen Owen, CFA",Trimble Inc.,TRMB,O,,58.92,4/16/24
2024-04,Apr-May 2024,2024,Leland Gershell,"Catalyst Pharmaceuticals, Inc.",CPRX,O,,15.54,4/16/24
2024-04,Apr-May 2024,2024,Martin Yang,AppLovin Corp.,APP,O,,72.32,4/16/24
2024-04,Apr-May 2024,2024,Matthew Biegler,Tyra Biosciences Inc.,TYRA,O,,14.66,4/16/24
2024-04,Apr-May 2024,2024,"Michael Phillips, ACAS",HCI Group Inc.,HCI,O,,111.8,4/16/24
2024-04,Apr-May 2024,2024,Michael Wiederhorn,CIGNA Corp.,CI,O,,346.85,4/16/24
2024-04,Apr-May 2024,2024,"Mitchel Penn, CFA",Blue Owl Capital Corp.,OBDC,O,,15.39,4/16/24
2024-04,Apr-May 2024,2024,Noah Kaye,Hannon Armstrong,HASI,O,,24.12,4/16/24
2024-04,Apr-May 2024,2024,"Owen Lau, CFA",Nasdaq Inc.,NDAQ,O,,60.03,4/16/24
2024-04,Apr-May 2024,2024,Rick Schafer,Broadcom Ltd.,AVGO,O,,132.91,4/16/24
2024-04,Apr-May 2024,2024,"Rupesh Parikh, CFA",Walmart Inc.,WMT,O,,59.84,4/16/24
2024-04,Apr-May 2024,2024,"Scott Schneeberger, CFA","XPO, Inc.",XPO,O,,122.33,4/16/24
2024-04,Apr-May 2024,2024,Steven Lichtman,"RxSight, Inc.",RXST,O,,54.31,4/16/24
2024-04,Apr-May 2024,2024,Suraj Kalia,TransMedics,TMDX,O,,93.31,4/16/24
2024-04,Apr-May 2024,2024,"Timothy Horan, CFA",Cogent Communications,CCOI,O,,62.95,4/16/24
2024-04,Apr-May 2024,2024,Tyler Batory,Playa Hotels and Resorts NV,PLYA,O,,9.18,4/16/24
2024-05,May-Jun 2024,2024,Brian Bittner,"Domino's Pizza, Inc.",DPZ,O,,510.71,5/14/24
2024-05,May-Jun 2024,2024,"Brian Nagel, CFA",Dick's Sporting Goods,DKS,O,,200.49,5/14/24
2024-05,May-Jun 2024,2024,Brian Schwartz,Salesforce Inc.,CRM,O,,276.8,5/14/24
2024-05,May-Jun 2024,2024,"Bryan Blair, CFA",The Timken Company,TKR,O,,92.39,5/14/24
2024-05,May-Jun 2024,2024,Chris Kotowski,Goldman Sachs Group,GS,O,,458.47,5/14/24
2024-05,May-Jun 2024,2024,Christopher Glynn,Regal Rexnord Corp.,RRX,O,,162.3,5/14/24
2024-05,May-Jun 2024,2024,Colin Rusch,Enovix Corp.,ENVX,O,,9.78,5/14/24
2024-05,May-Jun 2024,2024,Francois Brisebois,Savara Inc.,SVRA,O,,4.81,5/14/24
2024-05,May-Jun 2024,2024,George Iwanyc,monday.com Ltd.,MNDY,O,,181.86,5/14/24
2024-05,May-Jun 2024,2024,Hartaj Singh,United Therapeutics,UTHR,O,,269.78,5/14/24
2024-05,May-Jun 2024,2024,"Ian Zaffino, CFA","Arcosa, Inc.",ACA,O,,87.41,5/14/24
2024-05,May-Jun 2024,2024,Ittai Kidron,CyberArk Softw are Ltd.,CYBR,O,,238.3,5/14/24
2024-05,May-Jun 2024,2024,Jason Helfstein,Maplebear Inc. (Instacart),CART,O,,34.3,5/14/24
2024-05,May-Jun 2024,2024,"Jay Olson, CFA","Viking Therapeutics, Inc.",VKTX,O,,72.5,5/14/24
2024-05,May-Jun 2024,2024,"Jed Kelly, CFA",Genius Sports Limited,GENI,O,,5.3,5/14/24
2024-05,May-Jun 2024,2024,Jeff Jones,Corbus Pharmaceuticals Holdings,CRBP,O,,42.99,5/14/24
2024-05,May-Jun 2024,2024,Ken Wong,Guidew ire Softw are Inc.,GWRE,O,,119.09,5/14/24
2024-05,May-Jun 2024,2024,"Kristen Owen, CFA",Trimble Inc.,TRMB,O,,57.09,5/14/24
2024-05,May-Jun 2024,2024,Leland Gershell,"Catalyst Pharmaceuticals, Inc.",CPRX,O,,16.49,5/14/24
2024-05,May-Jun 2024,2024,Martin Yang,AppLovin Corp.,APP,O,,83.44,5/14/24
2024-05,May-Jun 2024,2024,Matthew Biegler,Tyra Biosciences Inc.,TYRA,O,,18.58,5/14/24
2024-05,May-Jun 2024,2024,"Michael Phillips, ACAS",HCI Group Inc.,HCI,O,,102.69,5/14/24
2024-05,May-Jun 2024,2024,Michael Wiederhorn,CIGNA Corp.,CI,O,,346.42,5/14/24
2024-05,May-Jun 2024,2024,"Mitchel Penn, CFA",Blue Owl Capital Corp.,OBDC,O,,16.51,5/14/24
2024-05,May-Jun 2024,2024,Noah Kaye,Hannon Armstrong,HASI,O,,31.79,5/14/24
2024-05,May-Jun 2024,2024,"Owen Lau, CFA",Nasdaq Inc.,NDAQ,O,,60.41,5/14/24
2024-05,May-Jun 2024,2024,Rick Schafer,Broadcom Ltd.,AVGO,O,,138.00,5/14/24
2024-05,May-Jun 2024,2024,"Rupesh Parikh, CFA",Walmart Inc.,WMT,O,,59.86,5/14/24
2024-05,May-Jun 2024,2024,"Scott Schneeberger, CFA","XPO, Inc.",XPO,O,,112.24,5/14/24
2024-05,May-Jun 2024,2024,Steven Lichtman,"RxSight, Inc.",RXST,O,,60.21,5/14/24
2024-05,May-Jun 2024,2024,Suraj Kalia,Edw ards LifeSciences,EW,O,,86.46,5/14/24
2024-05,May-Jun 2024,2024,"Timothy Horan, CFA",Cogent Communications,CCOI,O,,58.51,5/14/24
2024-05,May-Jun 2024,2024,Tyler Batory,Builders FirstSource,BLDR,O,,169.71,5/14/24
2024-06,Jun-Jul 2024,2024,Brian Bittner,"Domino's Pizza, Inc.",DPZ,O,580,521.83,6/21/24
2024-06,Jun-Jul 2024,2024,"Brian Nagel, CFA",Dick's Sporting Goods,DKS,O,270,229.33,6/21/24
2024-06,Jun-Jul 2024,2024,Brian Schwartz,"Agilysys, Inc.",AGYS,O,100,98.44,6/21/24
2024-06,Jun-Jul 2024,2024,"Bryan Blair, CFA",The Timken Company,TKR,O,102,81.86,6/21/24
2024-06,Jun-Jul 2024,2024,Chris Kotowski,Goldman Sachs Group,GS,O,517,450.18,6/21/24
2024-06,Jun-Jul 2024,2024,Christopher Glynn,Regal Rexnord Corp.,RRX,O,210,141.12,6/21/24
2024-06,Jun-Jul 2024,2024,Colin Rusch,Enovix Corp.,ENVX,O,36,12,6/21/24
2024-06,Jun-Jul 2024,2024,Francois Brisebois,Savara Inc.,SVRA,O,11,3.88,6/21/24
2024-06,Jun-Jul 2024,2024,George Iwanyc,monday.com Ltd.,MNDY,O,250,224.97,6/21/24
2024-06,Jun-Jul 2024,2024,"Ian Zaffino, CFA","Arcosa, Inc.",ACA,O,90,83.85,6/21/24
2024-06,Jun-Jul 2024,2024,Ittai Kidron,CyberArk Softw are Ltd.,CYBR,O,310,258,6/21/24
2024-06,Jun-Jul 2024,2024,Jason Helfstein,Maplebear Inc. (Instacart),CART,O,48,31.51,6/21/24
2024-06,Jun-Jul 2024,2024,"Jay Olson, CFA","Viking Therapeutics, Inc.",VKTX,O,138,52.74,6/21/24
2024-06,Jun-Jul 2024,2024,"Jed Kelly, CFA","DraftKings, Inc.",DKNG,O,60,41.99,6/21/24
2024-06,Jun-Jul 2024,2024,Jeff Jones,Corbus Pharmaceuticals Holdings,CRBP,O,80,42.48,6/21/24
2024-06,Jun-Jul 2024,2024,Ken Wong,Guidew ire Softw are Inc.,GWRE,O,140,137.3,6/21/24
2024-06,Jun-Jul 2024,2024,"Kristen Owen, CFA",International Flavors & Fragrances,IFF,O,116,95.98,6/21/24
2024-06,Jun-Jul 2024,2024,Leland Gershell,"Catalyst Pharmaceuticals, Inc.",CPRX,O,29,15.59,6/21/24
2024-06,Jun-Jul 2024,2024,Martin Yang,AppLovin Corp.,APP,O,97,78.58,6/21/24
2024-06,Jun-Jul 2024,2024,Matthew Biegler,Tyra Biosciences Inc.,TYRA,O,28,17.07,6/21/24
2024-06,Jun-Jul 2024,2024,"Michael Phillips, ACAS",,HCI,O,140,,6/21/24
2024-06,Jun-Jul 2024,2024,Michael Wiederhorn,Centene Corp.,CNC,O,110,67.93,6/21/24
2024-06,Jun-Jul 2024,2024,"Mitchel Penn, CFA","Crescent Capital BDC, Inc.",CCAP,O,20,18.72,6/21/24
2024-06,Jun-Jul 2024,2024,Noah Kaye,Modine Manufacturing Co.,MOD,O,110,94.03,6/21/24
2024-06,Jun-Jul 2024,2024,"Owen Lau, CFA",Nasdaq Inc.,NDAQ,O,72,60.25,6/21/24
2024-06,Jun-Jul 2024,2024,Rick Schafer,Broadcom Ltd.,AVGO,O,200,165.86,6/21/24
2024-06,Jun-Jul 2024,2024,"Rupesh Parikh, CFA",Walmart Inc.,WMT,O,75,67.91,6/21/24
2024-06,Jun-Jul 2024,2024,"Scott Schneeberger, CFA","XPO, Inc.",XPO,O,140,105.2,6/21/24
2024-06,Jun-Jul 2024,2024,Steven Lichtman,"RxSight, Inc.",RXST,O,72,56.74,6/21/24
2024-06,Jun-Jul 2024,2024,Suraj Kalia,Edw ards LifeSciences,EW,O,100,90.9,6/21/24
2024-06,Jun-Jul 2024,2024,"Timothy Horan, CFA",Cogent Communications,CCOI,O,90,51.71,6/21/24
2024-06,Jun-Jul 2024,2024,Tyler Batory,Builders FirstSource,BLDR,O,242,143.19,6/21/24
2024-07,Jul-Aug 2024,2024,Andreas Argyrides,MoonLake Immunotherapeutics,MLTX,O,104,44.74,7/19/24
2024-07,Jul-Aug 2024,2024,Brian Bittner,"Sw eetgreen, Inc.",SG,O,34,24.2,7/19/24
2024-07,Jul-Aug 2024,2024,"Brian Nagel, CFA",CarMax,KMX,O,105,80.01,7/19/24
2024-07,Jul-Aug 2024,2024,Brian Schwartz,Clearw ater Analytics Holdings,CWAN,O,25,20.04,7/19/24
2024-07,Jul-Aug 2024,2024,"Bryan Blair, CFA",The Timken Company,TKR,O,102,83.5,7/19/24
2024-07,Jul-Aug 2024,2024,Chris Kotowski,Goldman Sachs Group,GS,O,559,484.93,7/19/24
2024-07,Jul-Aug 2024,2024,Christopher Glynn,Regal Rexnord Corp.,RRX,O,210,148.35,7/19/24
2024-07,Jul-Aug 2024,2024,Colin Rusch,Enovix Corp.,ENVX,O,36,15.58,7/19/24
2024-07,Jul-Aug 2024,2024,Francois Brisebois,Avadel Pharmaceuticals,AVDL,O,29,16.2,7/19/24
2024-07,Jul-Aug 2024,2024,"Ian Zaffino, CFA",Talen Energy Corp.,TLN,O,140,123.85,7/19/24
2024-07,Jul-Aug 2024,2024,Ittai Kidron,CyberArk Softw are Ltd.,CYBR,O,310,259.63,7/19/24
2024-07,Jul-Aug 2024,2024,Jason Helfstein,Maplebear Inc. (Instacart),CART,O,48,35,7/19/24
2024-07,Jul-Aug 2024,2024,"Jay Olson, CFA","Viking Therapeutics, Inc.",VKTX,O,138,50.9,7/19/24
2024-07,Jul-Aug 2024,2024,"Jed Kelly, CFA","DraftKings, Inc.",DKNG,O,58,36.93,7/19/24
2024-07,Jul-Aug 2024,2024,Jeff Jones,Corbus Pharmaceuticals Holdings,CRBP,O,80,58,7/19/24
2024-07,Jul-Aug 2024,2024,Ken Wong,Wix.com Ltd,WIX,O,200,163.3,7/19/24
2024-07,Jul-Aug 2024,2024,"Kristen Owen, CFA",International Flavors & Fragrances,IFF,O,116,95.67,7/19/24
2024-07,Jul-Aug 2024,2024,Leland Gershell,UroGen Pharma Ltd.,URGN,O,40,15.79,7/19/24
2024-07,Jul-Aug 2024,2024,Martin Yang,AppLovin Corp.,APP,O,97,81.8,7/19/24
2024-07,Jul-Aug 2024,2024,Matthew Biegler,Tyra Biosciences Inc.,TYRA,O,28,19.73,7/19/24
2024-07,Jul-Aug 2024,2024,"Michael Phillips, ACAS",HCI Group Inc.,HCI,O,140,88.64,7/19/24
2024-07,Jul-Aug 2024,2024,Michael Wiederhorn,Evolent Health,EVH,O,45,19.69,7/19/24
2024-07,Jul-Aug 2024,2024,"Mitchel Penn, CFA","Crescent Capital BDC, Inc.",CCAP,O,20,18.77,7/19/24
2024-07,Jul-Aug 2024,2024,Noah Kaye,"Clean Harbors, Inc.",CLH,O,245,227.73,7/19/24
2024-07,Jul-Aug 2024,2024,"Owen Lau, CFA",Nasdaq Inc.,NDAQ,O,72,62.51,7/19/24
2024-07,Jul-Aug 2024,2024,Rick Schafer,Broadcom Ltd.,AVGO,O,200,157.35,7/19/24
2024-07,Jul-Aug 2024,2024,"Rupesh Parikh, CFA",Walmart Inc.,WMT,O,75,70.75,7/19/24
2024-07,Jul-Aug 2024,2024,"Scott Schneeberger, CFA","XPO, Inc.",XPO,O,140,112.9,7/19/24
2024-07,Jul-Aug 2024,2024,Steven Lichtman,Alcon Inc.,ALC,O,103,90.01,7/19/24
2024-07,Jul-Aug 2024,2024,Suraj Kalia,Edw ards LifeSciences,EW,O,100,86.5,7/19/24
2024-07,Jul-Aug 2024,2024,"Timothy Horan, CFA",C3.ai,AI,O,40,27.83,7/19/24
2024-07,Jul-Aug 2024,2024,Tyler Batory,Builders FirstSource,BLDR,O,242,158,7/19/24
2024-08,Aug-Sep 2024,2024,Andreas Argyrides,MoonLake Immunotherapeutics,MLTX,O,104,48.04,8/15/24
2024-08,Aug-Sep 2024,2024,Brian Bittner,"Sw eetgreen, Inc.",SG,O,40,36.77,8/15/24
2024-08,Aug-Sep 2024,2024,"Brian Nagel, CFA",CarMax,KMX,O,105,79.84,8/15/24
2024-08,Aug-Sep 2024,2024,Brian Schwartz,Clearw ater Analytics Holdings,CWAN,O,25,23.57,8/15/24
2024-08,Aug-Sep 2024,2024,"Bryan Blair, CFA",The Timken Company,TKR,O,102,82.9,8/15/24
2024-08,Aug-Sep 2024,2024,Chris Kotowski,Goldman Sachs Group,GS,O,548,499.02,8/15/24
2024-08,Aug-Sep 2024,2024,Christopher Glynn,Regal Rexnord Corp.,RRX,O,210,157.79,8/15/24
2024-08,Aug-Sep 2024,2024,Colin Rusch,Enovix Corp.,ENVX,O,36,10.66,8/15/24
2024-08,Aug-Sep 2024,2024,Francois Brisebois,Avadel Pharmaceuticals,AVDL,O,29,15.35,8/15/24
2024-08,Aug-Sep 2024,2024,"Ian Zaffino, CFA","Arcosa, Inc.",ACA,O,100,85.54,8/15/24
2024-08,Aug-Sep 2024,2024,Ittai Kidron,CyberArk Softw are Ltd.,CYBR,O,310,276.4,8/15/24
2024-08,Aug-Sep 2024,2024,Jason Helfstein,Maplebear Inc. (Instacart),CART,O,48,32.35,8/15/24
2024-08,Aug-Sep 2024,2024,"Jay Olson, CFA","Viking Therapeutics, Inc.",VKTX,O,138,57,8/15/24
2024-08,Aug-Sep 2024,2024,"Jed Kelly, CFA","DraftKings, Inc.",DKNG,O,55,34.14,8/15/24
2024-08,Aug-Sep 2024,2024,Jeff Jones,Corbus Pharmaceuticals Holdings,CRBP,O,88,54.91,8/15/24
2024-08,Aug-Sep 2024,2024,Ken Wong,Wix.com Ltd,WIX,O,200,163.05,8/15/24
2024-08,Aug-Sep 2024,2024,"Kristen Owen, CFA",International Flavors & Fragrances,IFF,O,116,99.08,8/15/24
2024-08,Aug-Sep 2024,2024,Leland Gershell,Soleno Therapeutics,SLNO,O,65,50.46,8/15/24
2024-08,Aug-Sep 2024,2024,Martin Yang,AppLovin Corp.,APP,O,105,85.58,8/15/24
2024-08,Aug-Sep 2024,2024,Matthew Biegler,Tyra Biosciences Inc.,TYRA,O,25,22,8/15/24
2024-08,Aug-Sep 2024,2024,"Michael Phillips, ACAS",,HCI,O,140,,8/15/24
2024-08,Aug-Sep 2024,2024,Michael Wiederhorn,Evolent Health,EVH,O,45,27.19,8/15/24
2024-08,Aug-Sep 2024,2024,"Mitchel Penn, CFA","Crescent Capital BDC, Inc.",CCAP,O,20,18.02,8/15/24
2024-08,Aug-Sep 2024,2024,Noah Kaye,Carrier Global Corp.,CARR,O,74,68.4,8/15/24
2024-08,Aug-Sep 2024,2024,"Owen Lau, CFA",Nasdaq Inc.,NDAQ,O,78,69.78,8/15/24
2024-08,Aug-Sep 2024,2024,Rick Schafer,Broadcom Ltd.,AVGO,O,200,166.13,8/15/24
2024-08,Aug-Sep 2024,2024,"Rupesh Parikh, CFA",Freshpet Inc.,FRPT,O,155,132.67,8/15/24
2024-08,Aug-Sep 2024,2024,"Scott Schneeberger, CFA","XPO, Inc.",XPO,O,140,123.15,8/15/24
2024-08,Aug-Sep 2024,2024,Steven Lichtman,Alcon Inc.,ALC,O,103,93.84,8/15/24
2024-08,Aug-Sep 2024,2024,Suraj Kalia,TransMedics,TMDX,O,200,169.95,8/15/24
2024-08,Aug-Sep 2024,2024,"Timothy Horan, CFA",C3.ai,AI,O,40,25.66,8/15/24
2024-08,Aug-Sep 2024,2024,Tyler Batory,"Beazer Homes USA, Inc.",BZH,O,37,29.1,8/15/24
2024-09,Sep-Oct 2024,2024,Andreas Argyrides,MoonLake Immunotherapeutics,MLTX,O,104,55.4,9/23/24
2024-09,Sep-Oct 2024,2024,Brian Bittner,"Domino's Pizza, Inc.",DPZ,O,490,420.7,9/23/24
2024-09,Sep-Oct 2024,2024,"Brian Nagel, CFA",Dick's Sporting Goods,DKS,O,270,215.28,9/23/24
2024-09,Sep-Oct 2024,2024,Brian Schwartz,Clearw ater Analytics Holdings,CWAN,O,25,25.66,9/23/24
2024-09,Sep-Oct 2024,2024,"Bryan Blair, CFA",The Timken Company,TKR,O,102,83.24,9/23/24
2024-09,Sep-Oct 2024,2024,Chris Kotowski,Blue Owl Capital Inc.,OWL,O,21,18.86,9/23/24
2024-09,Sep-Oct 2024,2024,Christopher Glynn,Regal Rexnord Corp.,RRX,O,210,167.81,9/23/24
2024-09,Sep-Oct 2024,2024,Colin Rusch,Enovix Corp.,ENVX,O,36,8.44,9/23/24
2024-09,Sep-Oct 2024,2024,Francois Brisebois,"Dyne Therapeutics, Inc.",DYN,O,55,34.63,9/23/24
2024-09,Sep-Oct 2024,2024,"Ian Zaffino, CFA","Arcosa, Inc.",ACA,O,105,93.02,9/23/24
2024-09,Sep-Oct 2024,2024,Ittai Kidron,CyberArk Softw are Ltd.,CYBR,O,310,284.19,9/23/24
2024-09,Sep-Oct 2024,2024,Jason Helfstein,"Uber Technologies, Inc.",UBER,O,90,74.71,9/23/24
2024-09,Sep-Oct 2024,2024,"Jay Olson, CFA","Viking Therapeutics, Inc.",VKTX,O,138,65.01,9/23/24
2024-09,Sep-Oct 2024,2024,"Jed Kelly, CFA","DraftKings, Inc.",DKNG,O,55,39.63,9/23/24
2024-09,Sep-Oct 2024,2024,Jeff Jones,Kymera Therapeutics,KYMR,O,52,49.98,9/23/24
2024-09,Sep-Oct 2024,2024,Ken Wong,Guidew ire Softw are Inc.,GWRE,O,185,173.97,9/23/24
2024-09,Sep-Oct 2024,2024,"Kristen Owen, CFA",International Flavors & Fragrances,IFF,O,117,103.49,9/23/24
2024-09,Sep-Oct 2024,2024,Leland Gershell,Soleno Therapeutics,SLNO,O,65,48.14,9/23/24
2024-09,Sep-Oct 2024,2024,Martin Yang,Universal Display Corp.,OLED,O,240,212.93,9/23/24
2024-09,Sep-Oct 2024,2024,Matthew Biegler,IDEAYA Biosciences,IDYA,O,53,33.73,9/23/24
2024-09,Sep-Oct 2024,2024,"Michael Phillips, ACAS",HCI Group Inc.,HCI,O,140,105.96,9/23/24
2024-09,Sep-Oct 2024,2024,Michael Wiederhorn,CIGNA Corp.,CI,O,400,354.94,9/23/24
2024-09,Sep-Oct 2024,2024,"Mitchel Penn, CFA","Crescent Capital BDC, Inc.",CCAP,O,20,18.99,9/23/24
2024-09,Sep-Oct 2024,2024,Noah Kaye,Hannon Armstrong,HASI,O,48,34.89,9/23/24
2024-09,Sep-Oct 2024,2024,"Owen Lau, CFA",Nasdaq Inc.,NDAQ,O,80,74.01,9/23/24
2024-09,Sep-Oct 2024,2024,Rick Schafer,Broadcom Ltd.,AVGO,O,200,172.94,9/23/24
2024-09,Sep-Oct 2024,2024,"Rupesh Parikh, CFA",Freshpet Inc.,FRPT,O,155,139.98,9/23/24
2024-09,Sep-Oct 2024,2024,"Scott Schneeberger, CFA","XPO, Inc.",XPO,O,140,113.11,9/23/24
2024-09,Sep-Oct 2024,2024,Steven Lichtman,Alcon Inc.,ALC,O,110,97.97,9/23/24
2024-09,Sep-Oct 2024,2024,Suraj Kalia,TransMedics,TMDX,O,200,159.5,9/23/24
2024-09,Sep-Oct 2024,2024,"Timothy Horan, CFA","AT&T, Inc.",T,O,23,21.49,9/23/24
2024-09,Sep-Oct 2024,2024,Tyler Batory,"Beazer Homes USA, Inc.",BZH,O,37,33.49,9/23/24
2024-10,Oct-Nov 2024,2024,Andreas Argyrides,MoonLake Immunotherapeutics,MLTX,O,104,48.94,10/18/24
2024-10,Oct-Nov 2024,2024,Brian Bittner,"Domino's Pizza, Inc.",DPZ,O,490,428.85,10/18/24
2024-10,Oct-Nov 2024,2024,"Brian Nagel, CFA",CarMax,KMX,O,105,74.7,10/18/24
2024-10,Oct-Nov 2024,2024,Brian Schwartz,Clearw ater Analytics Holdings,CWAN,O,31,27.4,10/18/24
2024-10,Oct-Nov 2024,2024,"Bryan Blair, CFA",The Timken Company,TKR,O,102,87.09,10/18/24
2024-10,Oct-Nov 2024,2024,Chris Kotowski,StepStone Group Inc.,STEP,O,73,60.88,10/18/24
2024-10,Oct-Nov 2024,2024,Christopher Glynn,Regal Rexnord Corp.,RRX,O,210,177.08,10/18/24
2024-10,Oct-Nov 2024,2024,Colin Rusch,Enovix Corp.,ENVX,O,36,11.45,10/18/24
2024-10,Oct-Nov 2024,2024,Edward Yang,,ONTO,O,260,,10/18/24
2024-10,Oct-Nov 2024,2024,Francois Brisebois,"Dyne Therapeutics, Inc.",DYN,O,55,35.24,10/18/24
2024-10,Oct-Nov 2024,2024,"Ian Zaffino, CFA","Arcosa, Inc.",ACA,O,105,94.93,10/18/24
2024-10,Oct-Nov 2024,2024,Ittai Kidron,Atlassian Corporation Plc,TEAM,O,230,191.7,10/18/24
2024-10,Oct-Nov 2024,2024,Jason Helfstein,Pinterest,PINS,O,45,33.18,10/18/24
2024-10,Oct-Nov 2024,2024,"Jay Olson, CFA","Viking Therapeutics, Inc.",VKTX,O,138,65.8,10/18/24
2024-10,Oct-Nov 2024,2024,"Jed Kelly, CFA","DraftKings, Inc.",DKNG,O,55,38.46,10/18/24
2024-10,Oct-Nov 2024,2024,Jeff Jones,Kymera Therapeutics,KYMR,O,56,46.41,10/18/24
2024-10,Oct-Nov 2024,2024,Ken Wong,Guidew ire Softw are Inc.,GWRE,O,200,189.09,10/18/24
2024-10,Oct-Nov 2024,2024,"Kristen Owen, CFA",Trimble Inc.,TRMB,O,72,61.77,10/18/24
2024-10,Oct-Nov 2024,2024,Leland Gershell,Soleno Therapeutics,SLNO,O,65,54.16,10/18/24
2024-10,Oct-Nov 2024,2024,Martin Yang,Universal Display Corp.,OLED,O,240,204.23,10/18/24
2024-10,Oct-Nov 2024,2024,Matthew Biegler,Nurix Therapeutics,NRIX,O,35,25.05,10/18/24
2024-10,Oct-Nov 2024,2024,"Michael Phillips, ACAS",HCI Group Inc.,HCI,O,140,119.86,10/18/24
2024-10,Oct-Nov 2024,2024,Michael Wiederhorn,CIGNA Corp.,CI,O,400,336,10/18/24
2024-10,Oct-Nov 2024,2024,"Mitchel Penn, CFA","Crescent Capital BDC, Inc.",CCAP,O,20,18.59,10/18/24
2024-10,Oct-Nov 2024,2024,Noah Kaye,HA Sustainable Infrastructure,HASI,O,48,35.11,10/18/24
2024-10,Oct-Nov 2024,2024,"Owen Lau, CFA",Nasdaq Inc.,NDAQ,O,84,74.91,10/18/24
2024-10,Oct-Nov 2024,2024,Rayna Kumar,Mastercard Incorporated,MA,O,591,516.34,10/18/24
2024-10,Oct-Nov 2024,2024,Rick Schafer,Broadcom Ltd.,AVGO,O,200,179.89,10/18/24
2024-10,Oct-Nov 2024,2024,"Rupesh Parikh, CFA",Freshpet Inc.,FRPT,O,155,139.53,10/18/24
2024-10,Oct-Nov 2024,2024,"Scott Schneeberger, CFA","XPO, Inc.",XPO,O,140,112.9,10/18/24
2024-10,Oct-Nov 2024,2024,Steven Lichtman,Alcon Inc.,ALC,O,110,95.14,10/18/24
2024-10,Oct-Nov 2024,2024,Suraj Kalia,TransMedics,TMDX,O,200,126.6,10/18/24
2024-10,Oct-Nov 2024,2024,"Timothy Horan, CFA",BlackSky Technology,BKSY,O,10,6.11,10/18/24
2024-10,Oct-Nov 2024,2024,Trevor Allred,Dianthus Therapeutics,DNTH,O,48,29.05,10/18/24
2024-10,Oct-Nov 2024,2024,Tyler Batory,"Beazer Homes USA, Inc.",BZH,O,41,33.88,10/18/24
2024-11,Nov-Dec 2024,2024,Andreas Argyrides,MoonLake Immunotherapeutics,MLTX,O,104,48.83,11/15/24
2024-11,Nov-Dec 2024,2024,Brian Bittner,"Shake Shack, Inc.",SHAK,O,145,121.53,11/15/24
2024-11,Nov-Dec 2024,2024,"Brian Nagel, CFA",CarMax,KMX,O,105,78.03,11/15/24
2024-11,Nov-Dec 2024,2024,Brian Schwartz,"Agilysys, Inc.",AGYS,O,135,121.19,11/15/24
2024-11,Nov-Dec 2024,2024,"Bryan Blair, CFA",The Timken Company,TKR,O,97,75.59,11/15/24
2024-11,Nov-Dec 2024,2024,Chris Kotowski,Citigroup Inc.,C,O,107,68.76,11/15/24
2024-11,Nov-Dec 2024,2024,Christopher Glynn,Regal Rexnord Corp.,RRX,O,210,169.73,11/15/24
2024-11,Nov-Dec 2024,2024,Colin Rusch,Amprius Technologies,AMPX,O,14,2.12,11/15/24
2024-11,Nov-Dec 2024,2024,Edward Yang,,ONTO,O,275,,11/15/24
2024-11,Nov-Dec 2024,2024,Francois Brisebois,"Dyne Therapeutics, Inc.",DYN,O,55,28.39,11/15/24
2024-11,Nov-Dec 2024,2024,"Ian Zaffino, CFA",Kyndryl Holdings Inc,KD,O,33,27.92,11/15/24
2024-11,Nov-Dec 2024,2024,Ittai Kidron,Atlassian Corporation Plc,TEAM,O,270,240.04,11/15/24
2024-11,Nov-Dec 2024,2024,Jason Helfstein,Maplebear Inc. (Instacart),CART,O,60,42,11/15/24
2024-11,Nov-Dec 2024,2024,"Jay Olson, CFA","Viking Therapeutics, Inc.",VKTX,O,164,49.58,11/15/24
2024-11,Nov-Dec 2024,2024,"Jed Kelly, CFA","DraftKings, Inc.",DKNG,O,55,39.84,11/15/24
2024-11,Nov-Dec 2024,2024,Jeff Jones,Kymera Therapeutics,KYMR,O,56,41.96,11/15/24
2024-11,Nov-Dec 2024,2024,Ken Wong,Shopify Inc.,SHOP,O,130,108.49,11/15/24
2024-11,Nov-Dec 2024,2024,"Kristen Owen, CFA",Trimble Inc.,TRMB,O,77,70.62,11/15/24
2024-11,Nov-Dec 2024,2024,Leland Gershell,Capricor Therapeutics Inc.,CAPR,O,43,18.61,11/15/24
2024-11,Nov-Dec 2024,2024,Martin Yang,Universal Display Corp.,OLED,O,220,164.03,11/15/24
2024-11,Nov-Dec 2024,2024,Matthew Biegler,Nurix Therapeutics,NRIX,O,35,22.92,11/15/24
2024-11,Nov-Dec 2024,2024,"Michael Phillips, ACAS",HCI Group Inc.,HCI,O,150,111.98,11/15/24
2024-11,Nov-Dec 2024,2024,Michael Wiederhorn,CIGNA Corp.,CI,O,400,321.52,11/15/24
2024-11,Nov-Dec 2024,2024,"Mitchel Penn, CFA","Crescent Capital BDC, Inc.",CCAP,O,20,18.98,11/15/24
2024-11,Nov-Dec 2024,2024,Noah Kaye,Modine Manufacturing Co.,MOD,O,145,123.27,11/15/24
2024-11,Nov-Dec 2024,2024,"Owen Lau, CFA",Nasdaq Inc.,NDAQ,O,86,78.76,11/15/24
2024-11,Nov-Dec 2024,2024,Param Singh,"Commvault Systems, Inc.",CVLT,O,200,168.53,11/15/24
2024-11,Nov-Dec 2024,2024,Rayna Kumar,Mastercard Incorporated,MA,O,591,521.89,11/15/24
2024-11,Nov-Dec 2024,2024,Rick Schafer,Broadcom Ltd.,AVGO,O,200,164.84,11/15/24
2024-11,Nov-Dec 2024,2024,"Rupesh Parikh, CFA",Freshpet Inc.,FRPT,O,180,150,11/15/24
2024-11,Nov-Dec 2024,2024,"Scott Schneeberger, CFA",McGrath,MGRC,O,124,116.81,11/15/24
2024-11,Nov-Dec 2024,2024,Steven Lichtman,Alcon Inc.,ALC,O,105,85.13,11/15/24
2024-11,Nov-Dec 2024,2024,Suraj Kalia,TransMedics,TMDX,O,125,80.48,11/15/24
2024-11,Nov-Dec 2024,2024,"Timothy Horan, CFA",BlackSky Technology,BKSY,O,10,8.42,11/15/24
2024-11,Nov-Dec 2024,2024,Trevor Allred,"Ligand Pharmaceuticals, Inc.",LGND,O,147,111.71,11/15/24
2024-11,Nov-Dec 2024,2024,Tyler Batory,"Beazer Homes USA, Inc.",BZH,O,41,33.3,11/15/24
2024-12,Dec-Jan 2025,2024,Andreas Argyrides,MoonLake Immunotherapeutics,MLTX,O,104,52.98,12/16/24
2024-12,Dec-Jan 2025,2024,Brian Bittner,"Shake Shack, Inc.",SHAK,O,145,131.59,12/16/24
2024-12,Dec-Jan 2025,2024,"Brian Nagel, CFA",Dick's Sporting Goods,DKS,O,270,224.48,12/16/24
2024-12,Dec-Jan 2025,2024,Brian Schwartz,Salesforce Inc.,CRM,O,415,357.23,12/16/24
2024-12,Dec-Jan 2025,2024,"Bryan Blair, CFA",The Timken Company,TKR,O,97,74.86,12/16/24
2024-12,Dec-Jan 2025,2024,Chris Kotowski,Citigroup Inc.,C,O,110,71.49,12/16/24
2024-12,Dec-Jan 2025,2024,Christopher Glynn,Regal Rexnord Corp.,RRX,O,210,165.9,12/16/24
2024-12,Dec-Jan 2025,2024,Colin Rusch,Amprius Technologies,AMPX,O,14,1.72,12/16/24
2024-12,Dec-Jan 2025,2024,Edward Yang,Onto Innovation Inc.,ONTO,O,275,170.55,12/16/24
2024-12,Dec-Jan 2025,2024,Francois Brisebois,"Dyne Therapeutics, Inc.",DYN,O,55,26.1,12/16/24
2024-12,Dec-Jan 2025,2024,"Ian Zaffino, CFA",Kyndryl Holdings Inc,KD,O,37,35.67,12/16/24
2024-12,Dec-Jan 2025,2024,Ittai Kidron,"Okta, Inc.",OKTA,O,125,84.76,12/16/24
2024-12,Dec-Jan 2025,2024,Jason Helfstein,Maplebear Inc. (Instacart),CART,O,60,42.58,12/16/24
2024-12,Dec-Jan 2025,2024,"Jay Olson, CFA",Bicycle Therapeutics Plc,BCYC,O,48,15.12,12/16/24
2024-12,Dec-Jan 2025,2024,"Jed Kelly, CFA","DraftKings, Inc.",DKNG,O,55,39.24,12/16/24
2024-12,Dec-Jan 2025,2024,Jeff Jones,Kymera Therapeutics,KYMR,O,56,43.06,12/16/24
2024-12,Dec-Jan 2025,2024,Ken Wong,Shopify Inc.,SHOP,O,130,115.94,12/16/24
2024-12,Dec-Jan 2025,2024,"Kristen Owen, CFA",International Flavors & Fragrances,IFF,O,117,87.15,12/16/24
2024-12,Dec-Jan 2025,2024,Leland Gershell,Capricor Therapeutics Inc.,CAPR,O,43,13.88,12/16/24
2024-12,Dec-Jan 2025,2024,Martin Yang,AppLovin Corp.,APP,O,480,343.96,12/16/24
2024-12,Dec-Jan 2025,2024,Matthew Biegler,"Gilead Sciences, Inc.",GILD,O,115,92.05,12/16/24
2024-12,Dec-Jan 2025,2024,"Michael Phillips, ACAS",HCI Group Inc.,HCI,O,150,112,12/16/24
2024-12,Dec-Jan 2025,2024,Michael Wiederhorn,CIGNA Corp.,CI,O,400,273.26,12/16/24
2024-12,Dec-Jan 2025,2024,"Mitchel Penn, CFA","Crescent Capital BDC, Inc.",CCAP,O,20,19.82,12/16/24
2024-12,Dec-Jan 2025,2024,Noah Kaye,Modine Manufacturing Co.,MOD,O,145,134.54,12/16/24
2024-12,Dec-Jan 2025,2024,"Owen Lau, CFA",Nasdaq Inc.,NDAQ,O,86,80.46,12/16/24
2024-12,Dec-Jan 2025,2024,Param Singh,"Commvault Systems, Inc.",CVLT,O,200,170.84,12/16/24
2024-12,Dec-Jan 2025,2024,Rayna Kumar,Mastercard Incorporated,MA,O,591,530.31,12/16/24
2024-12,Dec-Jan 2025,2024,Rick Schafer,Monolithic Pow er Systems,MPWR,O,900,628.62,12/16/24
2024-12,Dec-Jan 2025,2024,"Rupesh Parikh, CFA",Freshpet Inc.,FRPT,O,180,147.06,12/16/24
2024-12,Dec-Jan 2025,2024,"Scott Schneeberger, CFA",,XPO,O,176,,12/16/24
2024-12,Dec-Jan 2025,2024,Steven Lichtman,Alcon Inc.,ALC,O,105,83.87,12/16/24
2024-12,Dec-Jan 2025,2024,"Timothy Horan, CFA",Cogent Communications,CCOI,O,90,76.17,12/16/24
2024-12,Dec-Jan 2025,2024,Trevor Allred,"Ligand Pharmaceuticals, Inc.",LGND,O,151,122.34,12/16/24
2024-12,Dec-Jan 2025,2024,Tyler Batory,"Beazer Homes USA, Inc.",BZH,O,41,30.62,12/16/24
2025-01,Jan-Feb 2025,2025,Andreas Argyrides,MoonLake Immunotherapeutics,MLTX,O,104,43.97,1/15/25
2025-01,Jan-Feb 2025,2025,Brian Bittner,"Shake Shack, Inc.",SHAK,O,155,116.85,1/15/25
2025-01,Jan-Feb 2025,2025,"Brian Nagel, CFA",CarMax,KMX,O,105,80.28,1/15/25
2025-01,Jan-Feb 2025,2025,Brian Schwartz,Salesforce Inc.,CRM,O,415,321.16,1/15/25
2025-01,Jan-Feb 2025,2025,"Bryan Blair, CFA",The Timken Company,TKR,O,97,76.13,1/15/25
2025-01,Jan-Feb 2025,2025,Chris Kotowski,Citigroup Inc.,C,O,113,78.27,1/15/25
2025-01,Jan-Feb 2025,2025,Christopher Glynn,Emerson Electric Co.,EMR,O,150,120.72,1/15/25
2025-01,Jan-Feb 2025,2025,Colin Rusch,Amprius Technologies,AMPX,O,14,3.32,1/15/25
2025-01,Jan-Feb 2025,2025,Edward Yang,Onto Innovation Inc.,ONTO,O,275,204.67,1/15/25
2025-01,Jan-Feb 2025,2025,Francois Brisebois,Praxis Precision Medicines,PRAX,O,176,69.59,1/15/25
2025-01,Jan-Feb 2025,2025,"Ian Zaffino, CFA",Everus Construction Group,ECG,O,80,69.95,1/15/25
2025-01,Jan-Feb 2025,2025,Ittai Kidron,Atlassian Corporation Plc,TEAM,O,300,250.03,1/15/25
2025-01,Jan-Feb 2025,2025,Jason Helfstein,"Uber Technologies, Inc.",UBER,O,85,67.02,1/15/25
2025-01,Jan-Feb 2025,2025,"Jay Olson, CFA",Bicycle Therapeutics Plc,BCYC,O,48,14.55,1/15/25
2025-01,Jan-Feb 2025,2025,"Jed Kelly, CFA","DraftKings, Inc.",DKNG,O,55,38.72,1/15/25
2025-01,Jan-Feb 2025,2025,Jeff Jones,Kymera Therapeutics,KYMR,O,56,43.56,1/15/25
2025-01,Jan-Feb 2025,2025,Ken Wong,Shopify Inc.,SHOP,O,130,104.24,1/15/25
2025-01,Jan-Feb 2025,2025,"Kristen Owen, CFA","CF Industries Holdings, Inc.",CF,O,114,96.37,1/15/25
2025-01,Jan-Feb 2025,2025,Leland Gershell,Capricor Therapeutics Inc.,CAPR,O,43,13.47,1/15/25
2025-01,Jan-Feb 2025,2025,Martin Yang,AppLovin Corp.,APP,O,480,335.03,1/15/25
2025-01,Jan-Feb 2025,2025,Matthew Biegler,Blueprint Medicines,BPMC,O,130,104.89,1/15/25
2025-01,Jan-Feb 2025,2025,"Michael Phillips, ACAS",HCI Group Inc.,HCI,O,150,120.15,1/15/25
2025-01,Jan-Feb 2025,2025,Michael Wiederhorn,CIGNA Corp.,CI,O,400,284.58,1/15/25
2025-01,Jan-Feb 2025,2025,"Mitchel Penn, CFA","Crescent Capital BDC, Inc.",CCAP,O,20,19.22,1/15/25
2025-01,Jan-Feb 2025,2025,Noah Kaye,Modine Manufacturing Co.,MOD,O,145,130.05,1/15/25
2025-01,Jan-Feb 2025,2025,"Owen Lau, CFA",Nasdaq Inc.,NDAQ,O,89,76.98,1/15/25
2025-01,Jan-Feb 2025,2025,Param Singh,"Commvault Systems, Inc.",CVLT,O,200,161.42,1/15/25
2025-01,Jan-Feb 2025,2025,Rayna Kumar,Visa Inc.,V,O,375,316.28,1/15/25
2025-01,Jan-Feb 2025,2025,Rick Schafer,Monolithic Pow er Systems,MPWR,O,900,602.41,1/15/25
2025-01,Jan-Feb 2025,2025,"Rupesh Parikh, CFA","Ulta Beauty, Inc.",ULTA,O,515,407.38,1/15/25
2025-01,Jan-Feb 2025,2025,"Scott Schneeberger, CFA","XPO, Inc.",XPO,O,176,136.39,1/15/25
2025-01,Jan-Feb 2025,2025,Steven Lichtman,Alcon Inc.,ALC,O,105,83.27,1/15/25
2025-01,Jan-Feb 2025,2025,Suraj Kalia,iRhythm,IRTC,O,120,103.16,1/15/25
2025-01,Jan-Feb 2025,2025,"Timothy Horan, CFA",Cogent Communications,CCOI,O,90,73.02,1/15/25
2025-01,Jan-Feb 2025,2025,Trevor Allred,"Ligand Pharmaceuticals, Inc.",LGND,O,151,110.28,1/15/25
2025-01,Jan-Feb 2025,2025,Tyler Batory,"Beazer Homes USA, Inc.",BZH,O,41,28.43,1/15/25
2025-02,Feb-Mar 2025,2025,Andreas Argyrides,MoonLake Immunotherapeutics,MLTX,O,104,43.21,2/14/25
2025-02,Feb-Mar 2025,2025,Brian Bittner,"Shake Shack, Inc.",SHAK,O,155,108.4,2/14/25
2025-02,Feb-Mar 2025,2025,"Brian Nagel, CFA",lululemon athletica inc.,LULU,O,500,366.68,2/14/25
2025-02,Feb-Mar 2025,2025,Brian Schwartz,"Agilysys, Inc.",AGYS,O,135,87.28,2/14/25
2025-02,Feb-Mar 2025,2025,"Bryan Blair, CFA",The Timken Company,TKR,O,97,83.15,2/14/25
2025-02,Feb-Mar 2025,2025,Chris Kotowski,StepStone Group Inc.,STEP,O,85,62.47,2/14/25
2025-02,Feb-Mar 2025,2025,Christopher Glynn,Emerson Electric Co.,EMR,O,150,123.34,2/14/25
2025-02,Feb-Mar 2025,2025,Colin Rusch,Amprius Technologies,AMPX,O,14,3.39,2/14/25
2025-02,Feb-Mar 2025,2025,Edward Yang,Onto Innovation Inc.,ONTO,O,275,176.55,2/14/25
2025-02,Feb-Mar 2025,2025,Francois Brisebois,Praxis Precision Medicines,PRAX,O,176,90.77,2/14/25
2025-02,Feb-Mar 2025,2025,"Ian Zaffino, CFA",Knife River Corporation,KNF,O,120,102.05,2/14/25
2025-02,Feb-Mar 2025,2025,Ittai Kidron,Atlassian Corporation Plc,TEAM,O,380,313.1,2/14/25
2025-02,Feb-Mar 2025,2025,Jason Helfstein,"Uber Technologies, Inc.",UBER,O,100,79.42,2/14/25
2025-02,Feb-Mar 2025,2025,"Jay Olson, CFA",Bicycle Therapeutics Plc,BCYC,O,48,12.55,2/14/25
2025-02,Feb-Mar 2025,2025,"Jed Kelly, CFA","DraftKings, Inc.",DKNG,O,68,53.49,2/14/25
2025-02,Feb-Mar 2025,2025,Jeff Jones,Kymera Therapeutics,KYMR,O,56,36.88,2/14/25
2025-02,Feb-Mar 2025,2025,Ken Wong,Shopify Inc.,SHOP,O,150,128.35,2/14/25
2025-02,Feb-Mar 2025,2025,"Kristen Owen, CFA",CNH Industrial NV,CNH,O,16,12.81,2/14/25
2025-02,Feb-Mar 2025,2025,Leland Gershell,Capricor Therapeutics Inc.,CAPR,O,43,15.95,2/14/25
2025-02,Feb-Mar 2025,2025,Martin Yang,AppLovin Corp.,APP,O,560,510.13,2/14/25
2025-02,Feb-Mar 2025,2025,Matthew Biegler,Blueprint Medicines,BPMC,O,130,93.94,2/14/25
2025-02,Feb-Mar 2025,2025,"Michael Phillips, ACAS",HCI Group Inc.,HCI,O,150,118.64,2/14/25
2025-02,Feb-Mar 2025,2025,Michael Wiederhorn,CIGNA Corp.,CI,O,375,292.32,2/14/25
2025-02,Feb-Mar 2025,2025,"Mitchel Penn, CFA","Crescent Capital BDC, Inc.",CCAP,O,20,19.95,2/14/25
2025-02,Feb-Mar 2025,2025,Noah Kaye,Modine Manufacturing Co.,MOD,O,145,92.68,2/14/25
2025-02,Feb-Mar 2025,2025,"Owen Lau, CFA",Nasdaq Inc.,NDAQ,O,89,80.91,2/14/25
2025-02,Feb-Mar 2025,2025,Param Singh,"Commvault Systems, Inc.",CVLT,O,200,184.91,2/14/25
2025-02,Feb-Mar 2025,2025,Rayna Kumar,Visa Inc.,V,O,390,353.81,2/14/25
2025-02,Feb-Mar 2025,2025,Rick Schafer,"Monolithic Pow er Systems, Inc.",MPWR,O,800,684.93,2/14/25
2025-02,Feb-Mar 2025,2025,"Rupesh Parikh, CFA",Freshpet Inc.,FRPT,O,180,129.61,2/14/25
2025-02,Feb-Mar 2025,2025,"Scott Schneeberger, CFA","XPO, Inc.",XPO,O,176,145.64,2/14/25
2025-02,Feb-Mar 2025,2025,Steven Lichtman,Alcon Inc.,ALC,O,105,90.05,2/14/25
2025-02,Feb-Mar 2025,2025,Suraj Kalia,iRhythm,IRTC,O,120,112.11,2/14/25
2025-02,Feb-Mar 2025,2025,"Timothy Horan, CFA",Cogent Communications,CCOI,O,90,82,2/14/25
2025-02,Feb-Mar 2025,2025,Trevor Allred,Dianthus Therapeutics,DNTH,O,52,24.49,2/14/25
2025-02,Feb-Mar 2025,2025,Tyler Batory,Pursuit Attractions and Hospitality,PRSU,O,54,40.16,2/14/25
2025-03,Mar-Apr 2025,2025,Andreas Argyrides,MoonLake Immunotherapeutics,MLTX,O,104,38.55,3/14/25
2025-03,Mar-Apr 2025,2025,Brian Bittner,"Shake Shack, Inc.",SHAK,O,155,87.48,3/14/25
2025-03,Mar-Apr 2025,2025,"Brian Nagel, CFA",Life Time Group Holdings,LTH,O,43,28.74,3/14/25
2025-03,Mar-Apr 2025,2025,Brian Schwartz,Freshworks Inc.,FRSH,O,24,14.88,3/14/25
2025-03,Mar-Apr 2025,2025,"Bryan Blair, CFA",The Timken Company,TKR,O,97,74.51,3/14/25
2025-03,Mar-Apr 2025,2025,Chris Kotowski,StepStone Group Inc.,STEP,O,85,53.67,3/14/25
2025-03,Mar-Apr 2025,2025,Christopher Glynn,Emerson Electric Co.,EMR,O,150,111.93,3/14/25
2025-03,Mar-Apr 2025,2025,Colin Rusch,Amprius Technologies,AMPX,O,14,2.04,3/14/25
2025-03,Mar-Apr 2025,2025,Edward Yang,KLA Corp.,KLAC,O,850,713,3/14/25
2025-03,Mar-Apr 2025,2025,Francois Brisebois,Praxis Precision Medicines,PRAX,O,97,38.28,3/14/25
2025-03,Mar-Apr 2025,2025,"Ian Zaffino, CFA",Knife River Corporation,KNF,O,120,93.29,3/14/25
2025-03,Mar-Apr 2025,2025,Ittai Kidron,SentinelOne,S,O,32,18.51,3/14/25
2025-03,Mar-Apr 2025,2025,Jason Helfstein,"The Trade Desk, Inc.",TTD,O,115,53.94,3/14/25
2025-03,Mar-Apr 2025,2025,"Jay Olson, CFA",Bicycle Therapeutics Plc,BCYC,O,48,9.69,3/14/25
2025-03,Mar-Apr 2025,2025,"Jed Kelly, CFA","DraftKings, Inc.",DKNG,O,68,37.87,3/14/25
2025-03,Mar-Apr 2025,2025,Jeff Jones,Kymera Therapeutics,KYMR,O,56,34.37,3/14/25
2025-03,Mar-Apr 2025,2025,Ken Wong,Guidew ire Softw are Inc.,GWRE,O,230,185.84,3/14/25
2025-03,Mar-Apr 2025,2025,"Kristen Owen, CFA",CNH Industrial NV,CNH,O,16,12.93,3/14/25
2025-03,Mar-Apr 2025,2025,Leland Gershell,Capricor Therapeutics Inc.,CAPR,O,43,13.23,3/14/25
2025-03,Mar-Apr 2025,2025,Martin Yang,AppLovin Corp.,APP,O,560,292.89,3/14/25
2025-03,Mar-Apr 2025,2025,Matthew Biegler,Blueprint Medicines,BPMC,O,130,89.58,3/14/25
2025-03,Mar-Apr 2025,2025,"Michael Phillips, ACAS",HCI Group Inc.,HCI,O,165,138.68,3/14/25
2025-03,Mar-Apr 2025,2025,Michael Wiederhorn,CIGNA Corp.,CI,O,375,312.9,3/14/25
2025-03,Mar-Apr 2025,2025,"Mitchel Penn, CFA","Crescent Capital BDC, Inc.",CCAP,O,20,17.12,3/14/25
2025-03,Mar-Apr 2025,2025,Noah Kaye,Modine Manufacturing Co.,MOD,O,145,85.42,3/14/25
2025-03,Mar-Apr 2025,2025,"Owen Lau, CFA",Nasdaq Inc.,NDAQ,O,89,73.26,3/14/25
2025-03,Mar-Apr 2025,2025,Param Singh,"Commvault Systems, Inc.",CVLT,O,200,159.17,3/14/25
2025-03,Mar-Apr 2025,2025,Rayna Kumar,Visa Inc.,V,O,390,331.8,3/14/25
2025-03,Mar-Apr 2025,2025,Rick Schafer,"Monolithic Pow er Systems, Inc.",MPWR,O,800,606.06,3/14/25
2025-03,Mar-Apr 2025,2025,"Rupesh Parikh, CFA",Costco Wholesale Corp.,COST,O,1130,903.92,3/14/25
2025-03,Mar-Apr 2025,2025,"Scott Schneeberger, CFA","XPO, Inc.",XPO,O,176,107.24,3/14/25
2025-03,Mar-Apr 2025,2025,Steven Lichtman,Alcon Inc.,ALC,O,105,88.96,3/14/25
2025-03,Mar-Apr 2025,2025,Suraj Kalia,iRhythm,IRTC,O,130,100.67,3/14/25
2025-03,Mar-Apr 2025,2025,"Timothy Horan, CFA",Cogent Communications,CCOI,O,90,68.52,3/14/25
2025-03,Mar-Apr 2025,2025,Trevor Allred,"Ligand Pharmaceuticals, Inc.",LGND,O,142,106.19,3/14/25
2025-03,Mar-Apr 2025,2025,Tyler Batory,Pursuit Attractions and Hospitality,PRSU,O,50,38.44,3/14/25
2025-04,Apr-May 2025,2025,Andreas Argyrides,MoonLake Immunotherapeutics,MLTX,O,104,40,4/21/25
2025-04,Apr-May 2025,2025,Brian Bittner,Darden Restaurants Inc.,DRI,O,230,197.07,4/21/25
2025-04,Apr-May 2025,2025,"Brian Nagel, CFA",Life Time Group Holdings,LTH,O,43,29.31,4/21/25
2025-04,Apr-May 2025,2025,Brian Schwartz,Salesforce Inc.,CRM,O,380,236.26,4/21/25
2025-04,Apr-May 2025,2025,"Bryan Blair, CFA",SPX Technologies,SPXC,O,168,123.97,4/21/25
2025-04,Apr-May 2025,2025,Chris Kotowski,StepStone Group Inc.,STEP,O,67,45.02,4/21/25
2025-04,Apr-May 2025,2025,Christopher Glynn,Emerson Electric Co.,EMR,O,150,96.42,4/21/25
2025-04,Apr-May 2025,2025,Colin Rusch,American Superconductor,AMSC,O,39,17.52,4/21/25
2025-04,Apr-May 2025,2025,Edward Yang,Lam Research Corporation,LRCX,O,80,62.39,4/21/25
2025-04,Apr-May 2025,2025,Francois Brisebois,Praxis Precision Medicines,PRAX,O,97,35.34,4/21/25
2025-04,Apr-May 2025,2025,"Ian Zaffino, CFA",Aramark,ARMK,O,43,31.45,4/21/25
2025-04,Apr-May 2025,2025,Ittai Kidron,SentinelOne,S,O,28,16.17,4/21/25
2025-04,Apr-May 2025,2025,Jason Helfstein,Compass Inc.,COMP,O,13,6.86,4/21/25
2025-04,Apr-May 2025,2025,"Jay Olson, CFA",Bicycle Therapeutics Plc,BCYC,O,48,7.51,4/21/25
2025-04,Apr-May 2025,2025,"Jed Kelly, CFA","DraftKings, Inc.",DKNG,O,60,32.44,4/21/25
2025-04,Apr-May 2025,2025,Jeff Jones,Kymera Therapeutics,KYMR,O,56,27.16,4/21/25
2025-04,Apr-May 2025,2025,Ken Wong,Guidew ire Softw are Inc.,GWRE,O,230,183.24,4/21/25
2025-04,Apr-May 2025,2025,"Kristen Owen, CFA",Trimble Inc.,TRMB,O,81,56.22,4/21/25
2025-04,Apr-May 2025,2025,Leland Gershell,Protara Therapeutics,TARA,O,25,3.85,4/21/25
2025-04,Apr-May 2025,2025,Martin Yang,Roblox Corporation,RBLX,O,70,59.91,4/21/25
2025-04,Apr-May 2025,2025,Matthew Biegler,Blueprint Medicines,BPMC,O,130,84.18,4/21/25
2025-04,Apr-May 2025,2025,"Michael Phillips, ACAS",HCI Group Inc.,HCI,O,165,141.35,4/21/25
2025-04,Apr-May 2025,2025,Michael Wiederhorn,CIGNA Corp.,CI,O,375,324.77,4/21/25
2025-04,Apr-May 2025,2025,"Mitchel Penn, CFA","Crescent Capital BDC, Inc.",CCAP,O,20,15.13,4/21/25
2025-04,Apr-May 2025,2025,Noah Kaye,"Clean Harbors, Inc.",CLH,O,254,204.4,4/21/25
2025-04,Apr-May 2025,2025,"Owen Lau, CFA",Nasdaq Inc.,NDAQ,O,85,70.66,4/21/25
2025-04,Apr-May 2025,2025,Param Singh,"Commvault Systems, Inc.",CVLT,O,200,143.05,4/21/25
2025-04,Apr-May 2025,2025,Rayna Kumar,Visa Inc.,V,O,390,320.1,4/21/25
2025-04,Apr-May 2025,2025,Rick Schafer,"Monolithic Pow er Systems, Inc.",MPWR,O,700,508.19,4/21/25
2025-04,Apr-May 2025,2025,"Rupesh Parikh, CFA",Walmart Inc.,WMT,O,100,92.41,4/21/25
2025-04,Apr-May 2025,2025,"Scott Schneeberger, CFA","XPO, Inc.",XPO,O,142,93.85,4/21/25
2025-04,Apr-May 2025,2025,Steven Lichtman,Zimmer Biomet Holdings,ZBH,O,135,96.17,4/21/25
2025-04,Apr-May 2025,2025,Suraj Kalia,iRhythm,IRTC,O,130,98.63,4/21/25
2025-04,Apr-May 2025,2025,"Timothy Horan, CFA",Cogent Communications,CCOI,O,90,51.5,4/21/25
2025-04,Apr-May 2025,2025,Trevor Allred,"Ligand Pharmaceuticals, Inc.",LGND,O,142,104.81,4/21/25
2025-04,Apr-May 2025,2025,Tyler Batory,Pursuit Attractions and Hospitality,PRSU,O,50,29.01,4/21/25
2025-05,May-Jun 2025,2025,Andreas Argyrides,MoonLake Immunotherapeutics,MLTX,O,104,37.66,5/15/25
2025-05,May-Jun 2025,2025,Brian Bittner,Darden Restaurants Inc.,DRI,O,230,209,5/15/25
2025-05,May-Jun 2025,2025,"Brian Nagel, CFA",Life Time Group Holdings,LTH,O,43,28.8,5/15/25
2025-05,May-Jun 2025,2025,Brian Schwartz,Salesforce Inc.,CRM,O,380,290.76,5/15/25
2025-05,May-Jun 2025,2025,"Bryan Blair, CFA",SPX Technologies,SPXC,O,170,154.42,5/15/25
2025-05,May-Jun 2025,2025,Chris Kotowski,Blue Owl Capital Inc.,OWL,O,25,19.32,5/15/25
2025-05,May-Jun 2025,2025,Christopher Glynn,Emerson Electric Co.,EMR,O,150,120.25,5/15/25
2025-05,May-Jun 2025,2025,Colin Rusch,Amprius Technologies,AMPX,O,15,2.73,5/15/25
2025-05,May-Jun 2025,2025,Edward Yang,Onto Innovation Inc.,ONTO,O,130,98.04,5/15/25
2025-05,May-Jun 2025,2025,"Ian Zaffino, CFA",Knife River Corporation,KNF,O,120,99.72,5/15/25
2025-05,May-Jun 2025,2025,Ittai Kidron,SentinelOne,S,O,28,20.12,5/15/25
2025-05,May-Jun 2025,2025,Jason Helfstein,Compass Inc.,COMP,O,12,6.11,5/15/25
2025-05,May-Jun 2025,2025,"Jay Olson, CFA",Neurocrine Biosciences,NBIX,O,192,120.27,5/15/25
2025-05,May-Jun 2025,2025,"Jed Kelly, CFA","DraftKings, Inc.",DKNG,O,60,36.61,5/15/25
2025-05,May-Jun 2025,2025,Jeff Jones,Kymera Therapeutics,KYMR,O,56,30.02,5/15/25
2025-05,May-Jun 2025,2025,Ken Wong,Guidew ire Softw are Inc.,GWRE,O,230,215.17,5/15/25
2025-05,May-Jun 2025,2025,"Kristen Owen, CFA",Caterpillar Inc.,CAT,O,395,349.81,5/15/25
2025-05,May-Jun 2025,2025,Leland Gershell,Capricor Therapeutics Inc.,CAPR,O,43,9.56,5/15/25
2025-05,May-Jun 2025,2025,Martin Yang,AppLovin Corp.,APP,O,500,366.61,5/15/25
2025-05,May-Jun 2025,2025,Matthew Biegler,Blueprint Medicines,BPMC,O,130,99.49,5/15/25
2025-05,May-Jun 2025,2025,"Michael Phillips, ACAS","Selective Insurance Group, Inc.",SIGI,O,105,88.63,5/15/25
2025-05,May-Jun 2025,2025,Michael Wiederhorn,CIGNA Corp.,CI,O,375,308.86,5/15/25
2025-05,May-Jun 2025,2025,"Mitchel Penn, CFA",Blue Owl Capital Corp.,OBDC,O,16,14.6,5/15/25
2025-05,May-Jun 2025,2025,Noah Kaye,"Clean Harbors, Inc.",CLH,O,254,229.65,5/15/25
2025-05,May-Jun 2025,2025,"Owen Lau, CFA",Nasdaq Inc.,NDAQ,O,85,81.28,5/15/25
2025-05,May-Jun 2025,2025,Param Singh,"Commvault Systems, Inc.",CVLT,O,200,182.04,5/15/25
2025-05,May-Jun 2025,2025,Rayna Kumar,Visa Inc.,V,O,390,362.3,5/15/25
2025-05,May-Jun 2025,2025,Rick Schafer,NVIDIA Corp.,NVDA,O,175,134.83,5/15/25
2025-05,May-Jun 2025,2025,"Rupesh Parikh, CFA","SharkNinja, Inc.",SN,O,120,100.69,5/15/25
2025-05,May-Jun 2025,2025,"Scott Schneeberger, CFA",McGrath,MGRC,O,139,115.01,5/15/25
2025-05,May-Jun 2025,2025,Steven Lichtman,Zimmer Biomet Holdings,ZBH,O,115,96.73,5/15/25
2025-05,May-Jun 2025,2025,Suraj Kalia,Abbott Laboratories,ABT,O,140,133.35,5/15/25
2025-05,May-Jun 2025,2025,"Timothy Horan, CFA",Cogent Communications,CCOI,O,90,50.41,5/15/25
2025-05,May-Jun 2025,2025,Trevor Allred,"Ligand Pharmaceuticals, Inc.",LGND,O,145,103.47,5/15/25
2025-05,May-Jun 2025,2025,Tyler Batory,Pursuit Attractions and Hospitality,PRSU,O,41,30.38,5/15/25
2025-06,Jun-Jul 2025,2025,Andreas Argyrides,MoonLake Immunotherapeutics,MLTX,O,104,42.9,6/16/25
2025-06,Jun-Jul 2025,2025,Brian Bittner,Darden Restaurants Inc.,DRI,O,250,224.76,6/16/25
2025-06,Jun-Jul 2025,2025,"Brian Nagel, CFA",Dick's Sporting Goods,DKS,O,270,178.63,6/16/25
2025-06,Jun-Jul 2025,2025,Brian Schwartz,Clearw ater Analytics Holdings,CWAN,O,36,22.18,6/16/25
2025-06,Jun-Jul 2025,2025,"Bryan Blair, CFA",SPX Technologies,SPXC,O,170,155.05,6/16/25
2025-06,Jun-Jul 2025,2025,Chad Larkin,"Lyft, Inc.",LYFT,O,17,14.97,6/16/25
2025-06,Jun-Jul 2025,2025,"Cheng Li, Ph.D., CFA",Vaxart Inc.,VXRT,O,4,0.66,6/16/25
2025-06,Jun-Jul 2025,2025,Chris Kotowski,Blue Owl Capital Inc.,OWL,O,25,18.88,6/16/25
2025-06,Jun-Jul 2025,2025,Christopher Glynn,Emerson Electric Co.,EMR,O,150,128.68,6/16/25
2025-06,Jun-Jul 2025,2025,Colin Rusch,Amprius Technologies,AMPX,O,15,4.08,6/16/25
2025-06,Jun-Jul 2025,2025,Edward Yang,Lam Research Corporation,LRCX,O,110,93.41,6/16/25
2025-06,Jun-Jul 2025,2025,"Ian Zaffino, CFA",Kyndryl Holdings Inc,KD,O,47,40.31,6/16/25
2025-06,Jun-Jul 2025,2025,Ittai Kidron,Atlassian Corporation Plc,TEAM,O,300,200.32,6/16/25
2025-06,Jun-Jul 2025,2025,Jason Helfstein,Reddit Inc.,RDDT,O,150,126.2,6/16/25
2025-06,Jun-Jul 2025,2025,"Jay Olson, CFA",Neurocrine Biosciences,NBIX,O,192,125,6/16/25
2025-06,Jun-Jul 2025,2025,"Jed Kelly, CFA","DraftKings, Inc.",DKNG,O,60,37.86,6/16/25
2025-06,Jun-Jul 2025,2025,Jeff Jones,Perspective Therapeutics,CATX,O,15,3.61,6/16/25
2025-06,Jun-Jul 2025,2025,Ken Wong,Guidew ire Softw are Inc.,GWRE,O,275,253.6,6/16/25
2025-06,Jun-Jul 2025,2025,"Kristen Owen, CFA",Caterpillar Inc.,CAT,O,395,362.44,6/16/25
2025-06,Jun-Jul 2025,2025,Leland Gershell,Capricor Therapeutics Inc.,CAPR,O,43,12.38,6/16/25
2025-06,Jun-Jul 2025,2025,Martin Yang,AppLovin Corp.,APP,O,500,370.68,6/16/25
2025-06,Jun-Jul 2025,2025,Matthew Biegler,IDEAYA Biosciences,IDYA,O,37,22.39,6/16/25
2025-06,Jun-Jul 2025,2025,"Matthew Hershenhorn, CFA","Axsome Therapeutics, Inc.",AXSM,O,183,101.69,6/16/25
2025-06,Jun-Jul 2025,2025,"Michael Phillips, ACAS","Selective Insurance Group, Inc.",SIGI,O,105,85.24,6/16/25
2025-06,Jun-Jul 2025,2025,Michael Wiederhorn,CIGNA Corp.,CI,O,375,314.44,6/16/25
2025-06,Jun-Jul 2025,2025,"Mitchel Penn, CFA",Blue Owl Capital Corp.,OBDC,O,16,14.49,6/16/25
2025-06,Jun-Jul 2025,2025,Noah Kaye,"Clean Harbors, Inc.",CLH,O,254,226.68,6/16/25
2025-06,Jun-Jul 2025,2025,"Owen Lau, CFA",Nasdaq Inc.,NDAQ,O,96,86.68,6/16/25
2025-06,Jun-Jul 2025,2025,Param Singh,"Commvault Systems, Inc.",CVLT,O,200,187.54,6/16/25
2025-06,Jun-Jul 2025,2025,Rayna Kumar,Visa Inc.,V,O,390,355.48,6/16/25
2025-06,Jun-Jul 2025,2025,Rick Schafer,NVIDIA Corp.,NVDA,O,175,144.69,6/16/25
2025-06,Jun-Jul 2025,2025,"Rupesh Parikh, CFA","Ulta Beauty, Inc.",ULTA,O,510,471.94,6/16/25
2025-06,Jun-Jul 2025,2025,"Scott Schneeberger, CFA",QXO,QXO,O,27,20.09,6/16/25
2025-06,Jun-Jul 2025,2025,Steven Lichtman,Alcon Inc.,ALC,O,101,86.2,6/16/25
2025-06,Jun-Jul 2025,2025,Suraj Kalia,Abbott Laboratories,ABT,O,140,134.01,6/16/25
2025-06,Jun-Jul 2025,2025,"Timothy Horan, CFA",Cogent Communications,CCOI,O,90,46.91,6/16/25
2025-06,Jun-Jul 2025,2025,Trevor Allred,"Ligand Pharmaceuticals, Inc.",LGND,O,145,115.01,6/16/25
2025-06,Jun-Jul 2025,2025,Tyler Batory,Pursuit Attractions and Hospitality,PRSU,O,41,27.57,6/16/25
2025-07,Jul-Aug 2025,2025,Andreas Argyrides,MoonLake Immunotherapeutics,MLTX,O,104,53.57,7/21/25
2025-07,Jul-Aug 2025,2025,Brian Bittner,Darden Restaurants Inc.,DRI,O,250,206.81,7/21/25
2025-07,Jul-Aug 2025,2025,"Brian Nagel, CFA",Dick's Sporting Goods,DKS,O,270,215.44,7/21/25
2025-07,Jul-Aug 2025,2025,Brian Schwartz,Clearw ater Analytics Holdings,CWAN,O,36,21.12,7/21/25
2025-07,Jul-Aug 2025,2025,"Bryan Blair, CFA",SPX Technologies,SPXC,O,197,174.44,7/21/25
2025-07,Jul-Aug 2025,2025,Chad Larkin,"Lyft, Inc.",LYFT,O,20,14.77,7/21/25
2025-07,Jul-Aug 2025,2025,"Cheng Li, Ph.D., CFA",Vaxart Inc.,VXRT,O,4,0.42,7/21/25
2025-07,Jul-Aug 2025,2025,Chris Kotowski,Blue Owl Capital Inc.,OWL,O,26,20.02,7/21/25
2025-07,Jul-Aug 2025,2025,Christopher Glynn,Emerson Electric Co.,EMR,O,150,142.91,7/21/25
2025-07,Jul-Aug 2025,2025,Colin Rusch,Amprius Technologies,AMPX,O,15,8.38,7/21/25
2025-07,Jul-Aug 2025,2025,Edward Yang,Lam Research Corporation,LRCX,O,110,101.74,7/21/25
2025-07,Jul-Aug 2025,2025,"Ian Zaffino, CFA",Kyndryl Holdings Inc,KD,O,55,39.05,7/21/25
2025-07,Jul-Aug 2025,2025,Ittai Kidron,Atlassian Corporation Plc,TEAM,O,275,194.36,7/21/25
2025-07,Jul-Aug 2025,2025,Jason Helfstein,Alphabet Inc.,GOOG,O,220,191.15,7/21/25
2025-07,Jul-Aug 2025,2025,"Jay Olson, CFA",Neurocrine Biosciences,NBIX,O,192,131.83,7/21/25
2025-07,Jul-Aug 2025,2025,"Jed Kelly, CFA","DraftKings, Inc.",DKNG,O,60,44.47,7/21/25
2025-07,Jul-Aug 2025,2025,Jeff Jones,Perspective Therapeutics,CATX,O,15,4.31,7/21/25
2025-07,Jul-Aug 2025,2025,Ken Wong,Guidew ire Softw are Inc.,GWRE,O,275,222.52,7/21/25
2025-07,Jul-Aug 2025,2025,"Kristen Owen, CFA",Caterpillar Inc.,CAT,O,483,410.07,7/21/25
2025-07,Jul-Aug 2025,2025,Leland Gershell,Capricor Therapeutics Inc.,CAPR,O,22,6.27,7/21/25
2025-07,Jul-Aug 2025,2025,Martin Yang,AppLovin Corp.,APP,O,500,366.17,7/21/25
2025-07,Jul-Aug 2025,2025,Matthew Biegler,IDEAYA Biosciences,IDYA,O,37,21.81,7/21/25
2025-07,Jul-Aug 2025,2025,"Matthew Hershenhorn, CFA","Axsome Therapeutics, Inc.",AXSM,O,183,109.68,7/21/25
2025-07,Jul-Aug 2025,2025,"Michael Phillips, ACAS",HCI Group Inc.,HCI,O,190,142.63,7/21/25
2025-07,Jul-Aug 2025,2025,Michael Wiederhorn,Addus HomeCare Corp.,ADUS,O,150,107.4,7/21/25
2025-07,Jul-Aug 2025,2025,"Mitchel Penn, CFA",Blue Owl Capital Corp.,OBDC,O,16,14.82,7/21/25
2025-07,Jul-Aug 2025,2025,Noah Kaye,Carrier Global Corp.,CARR,O,85,75.97,7/21/25
2025-07,Jul-Aug 2025,2025,"Owen Lau, CFA",Nasdaq Inc.,NDAQ,O,101,89.24,7/21/25
2025-07,Jul-Aug 2025,2025,Rayna Kumar,Visa Inc.,V,O,391,350.94,7/21/25
2025-07,Jul-Aug 2025,2025,Rick Schafer,NVIDIA Corp.,NVDA,O,200,171.38,7/21/25
2025-07,Jul-Aug 2025,2025,"Rupesh Parikh, CFA","Ulta Beauty, Inc.",ULTA,O,510,497.41,7/21/25
2025-07,Jul-Aug 2025,2025,"Scott Schneeberger, CFA",QXO,QXO,O,27,21.83,7/21/25
2025-07,Jul-Aug 2025,2025,Steven Lichtman,Alcon Inc.,ALC,O,101,87.16,7/21/25
2025-07,Jul-Aug 2025,2025,Suraj Kalia,Abbott Laboratories,ABT,O,140,124.42,7/21/25
2025-07,Jul-Aug 2025,2025,"Timothy Horan, CFA",Cogent Communications,CCOI,O,90,47.92,7/21/25
2025-07,Jul-Aug 2025,2025,Trevor Allred,"BridgeBio Pharma, Inc.",BBIO,O,60,45.9,7/21/25
2025-07,Jul-Aug 2025,2025,Tyler Batory,Pursuit Attractions and Hospitality,PRSU,O,41,29.85,7/21/25
2025-08,Aug-Sep 2025,2025,Andreas Argyrides,MoonLake Immunotherapeutics,MLTX,O,104,54.84,8/12/25
2025-08,Aug-Sep 2025,2025,Brian Bittner,Darden Restaurants Inc.,DRI,O,250,205.13,8/12/25
2025-08,Aug-Sep 2025,2025,"Brian Nagel, CFA",Life Time Group Holdings,LTH,O,43,27.6,8/12/25
2025-08,Aug-Sep 2025,2025,Brian Schwartz,Microsoft Corporation,MSFT,O,630,529.24,8/12/25
2025-08,Aug-Sep 2025,2025,"Bryan Blair, CFA",SPX Technologies,SPXC,O,212,191.17,8/12/25
2025-08,Aug-Sep 2025,2025,Chad Larkin,"Lyft, Inc.",LYFT,O,17,13.88,8/12/25
2025-08,Aug-Sep 2025,2025,"Cheng Li, Ph.D., CFA",Wave Life Sciences Ltd.,WVE,O,24,8.45,8/12/25
2025-08,Aug-Sep 2025,2025,Chris Kotowski,Blue Owl Capital Inc.,OWL,O,25,20.32,8/12/25
2025-08,Aug-Sep 2025,2025,Christopher Glynn,Emerson Electric Co.,EMR,O,152,132.95,8/12/25
2025-08,Aug-Sep 2025,2025,Colin Rusch,Amprius Technologies,AMPX,O,17,7.76,8/12/25
2025-08,Aug-Sep 2025,2025,Edward Yang,Lam Research Corporation,LRCX,O,120,105.28,8/12/25
2025-08,Aug-Sep 2025,2025,"Ian Zaffino, CFA","Arcosa, Inc.",ACA,O,110,99.25,8/12/25
2025-08,Aug-Sep 2025,2025,Ittai Kidron,Atlassian Corporation Plc,TEAM,O,275,158,8/12/25
2025-08,Aug-Sep 2025,2025,Jason Helfstein,Compass Inc.,COMP,O,11,8.47,8/12/25
2025-08,Aug-Sep 2025,2025,"Jay Olson, CFA",Neurocrine Biosciences,NBIX,O,192,128.89,8/12/25
2025-08,Aug-Sep 2025,2025,"Jed Kelly, CFA","DraftKings, Inc.",DKNG,O,60,43.1,8/12/25
2025-08,Aug-Sep 2025,2025,Jeff Jones,Perspective Therapeutics,CATX,O,15,3.98,8/12/25
2025-08,Aug-Sep 2025,2025,Ken Wong,Guidew ire Softw are Inc.,GWRE,O,275,207.87,8/12/25
2025-08,Aug-Sep 2025,2025,"Kristen Owen, CFA",Caterpillar Inc.,CAT,O,493,412.71,8/12/25
2025-08,Aug-Sep 2025,2025,Leland Gershell,Crinetics Pharmaceuticals,CRNX,O,73,28.48,8/12/25
2025-08,Aug-Sep 2025,2025,Martin Yang,AppLovin Corp.,APP,O,500,467,8/12/25
2025-08,Aug-Sep 2025,2025,Matthew Biegler,IDEAYA Biosciences,IDYA,O,37,23.59,8/12/25
2025-08,Aug-Sep 2025,2025,"Matthew Hershenhorn, CFA","Axsome Therapeutics, Inc.",AXSM,O,183,105.23,8/12/25
2025-08,Aug-Sep 2025,2025,"Michael Phillips, ACAS",HCI Group Inc.,HCI,O,190,156.29,8/12/25
2025-08,Aug-Sep 2025,2025,Michael Wiederhorn,Addus HomeCare Corp.,ADUS,O,150,113.06,8/12/25
2025-08,Aug-Sep 2025,2025,"Mitchel Penn, CFA",Blue Owl Capital Corp.,OBDC,O,16,14.28,8/12/25
2025-08,Aug-Sep 2025,2025,Noah Kaye,"Itron, Inc.",ITRI,O,155,126.08,8/12/25
2025-08,Aug-Sep 2025,2025,"Owen Lau, CFA",Nasdaq Inc.,NDAQ,O,108,96.13,8/12/25
2025-08,Aug-Sep 2025,2025,Rayna Kumar,Visa Inc.,V,O,391,336.74,8/12/25
2025-08,Aug-Sep 2025,2025,Rick Schafer,NVIDIA Corp.,NVDA,O,200,183.16,8/12/25
2025-08,Aug-Sep 2025,2025,"Rupesh Parikh, CFA","Ulta Beauty, Inc.",ULTA,O,600,516.02,8/12/25
2025-08,Aug-Sep 2025,2025,"Scott Schneeberger, CFA",QXO,QXO,O,27,19.96,8/12/25
2025-08,Aug-Sep 2025,2025,Suraj Kalia,Abbott Laboratories,ABT,O,140,131.02,8/12/25
2025-08,Aug-Sep 2025,2025,"Timothy Horan, CFA",Cogent Communications,CCOI,O,75,34.06,8/12/25
2025-08,Aug-Sep 2025,2025,Trevor Allred,"BridgeBio Pharma, Inc.",BBIO,O,61,49.09,8/12/25
2025-08,Aug-Sep 2025,2025,Tyler Batory,Pursuit Attractions and Hospitality,PRSU,O,45,34.72,8/12/25
2025-09,Sep-Oct 2025,2025,Andreas Argyrides,Moon Lake Thera,MLTX,O,104,53.27,9/17/25
2025-09,Sep-Oct 2025,2025,Brian Bittner,Darden Restaurants,DRI,O,250,212.16,9/17/25
2025-09,Sep-Oct 2025,2025,"Brian Nagel, CFA",Dick's Sporting,DKS,O,270,226.1,9/17/25
2025-09,Sep-Oct 2025,2025,Brian Schwartz,Monday.com,MNDY,O,300,193.49,9/17/25
2025-09,Sep-Oct 2025,2025,"Bryan Blair, CFA",SPX Tech,SPXC,O,212,186.95,9/17/25
2025-09,Sep-Oct 2025,2025,Chad Larkin,Lyft,LYFT,O,24,20.44,9/17/25
2025-09,Sep-Oct 2025,2025,"Cheng Li, Ph.D., CFA",WAVE Life Sci,WVE,O,24,6.97,9/17/25
2025-09,Sep-Oct 2025,2025,Chris Kotowski,Blue Owl Inc.,OWL,O,25,18.59,9/17/25
2025-09,Sep-Oct 2025,2025,Christopher Glynn,Nordson,NDSN,O,275,225.92,9/17/25
2025-09,Sep-Oct 2025,2025,Colin Rusch,Amprius Tech,AMPX,O,17,8.37,9/17/25
2025-09,Sep-Oct 2025,2025,Edward Yang,Lam Research,LRCX,O,120,119.21,9/17/25
2025-09,Sep-Oct 2025,2025,"Ian Zaffino, CFA",Ralliant,RAL,O,55,41.32,9/17/25
2025-09,Sep-Oct 2025,2025,Ittai Kidron,Atlassian,TEAM,O,275,173.87,9/17/25
2025-09,Sep-Oct 2025,2025,Jason Helfstein,Maplebear,CART,O,65,46.38,9/17/25
2025-09,Sep-Oct 2025,2025,"Jay Olson, CFA",Neurocrine Bio,NBIX,O,192,140.44,9/17/25
2025-09,Sep-Oct 2025,2025,"Jed Kelly, CFA",DraftKings,DKNG,O,60,42.83,9/17/25
2025-09,Sep-Oct 2025,2025,Jeff Jones,Perspective Thera,CATX,O,14,3.59,9/17/25
2025-09,Sep-Oct 2025,2025,Ken Wong,Wix.com Ltd.,WIX,O,220,170.87,9/17/25
2025-09,Sep-Oct 2025,2025,"Kristen Owen, CFA",Caterpillar,CAT,O,480,435.94,9/17/25
2025-09,Sep-Oct 2025,2025,Leland Gershell,Crinetics,CRNX,O,73,33.77,9/17/25
2025-09,Sep-Oct 2025,2025,Martin Yang,Universal Display,OLED,O,200,134.16,9/17/25
2025-09,Sep-Oct 2025,2025,Matthew Biegler,IDYEA Bio,IDYA,O,36,24.53,9/17/25
2025-09,Sep-Oct 2025,2025,"Matthew Hershenhorn, CFA",Axsome Thera,AXSM,O,183,116.78,9/17/25
2025-09,Sep-Oct 2025,2025,"Michael Phillips, ACAS",HCI Group,HCI,O,190,178.14,9/17/25
2025-09,Sep-Oct 2025,2025,Michael Wiederhorn,Addus Homecare,ADUS,O,150,109.27,9/17/25
2025-09,Sep-Oct 2025,2025,"Mitchel Penn, CFA",Blue Owl Corp.,OBDC,O,16,13.71,9/17/25
2025-09,Sep-Oct 2025,2025,Noah Kaye,Itron,ITRI,O,155,120.17,9/17/25
2025-09,Sep-Oct 2025,2025,Rayna Kumar,Visa,V,O,391,339.05,9/17/25
2025-09,Sep-Oct 2025,2025,Rick Schafer,Nvidia,NVDA,O,225,177.75,9/17/25
2025-09,Sep-Oct 2025,2025,"Rupesh Parikh, CFA",Ulta Beauty,ULTA,O,600,526.08,9/17/25
2025-09,Sep-Oct 2025,2025,"Scott Schneeberger, CFA",QXO Inc.,QXO,O,27,21.23,9/17/25
2025-09,Sep-Oct 2025,2025,Suraj Kalia,Abbott Labs,ABT,O,140,131.33,9/17/25
2025-09,Sep-Oct 2025,2025,"Timothy Horan, CFA",Blacksky Tech,BKSY,O,31,19.7,9/17/25
2025-09,Sep-Oct 2025,2025,Trevor Allred,Bridge Bio,BBIO,O,61,51.47,9/17/25
2025-09,Sep-Oct 2025,2025,Tyler Batory,Pursuit Attractions,PRSU,O,45,36.31,9/17/25
2025-10,Oct-Nov 2025,2025,Andreas Argyrides,United Therapeutics,UTHR,O,575,421.64,10/22/25
2025-10,Oct-Nov 2025,2025,Brian Bittner,Darden Restaurants Inc.,DRI,O,250,187.41,10/22/25
2025-10,Oct-Nov 2025,2025,"Brian Nagel, CFA",Dick's Sporting Goods,DKS,O,270,228.2,10/22/25
2025-10,Oct-Nov 2025,2025,Brian Schwartz,Microsoft Corporation,MSFT,O,630,520.54,10/22/25
2025-10,Oct-Nov 2025,2025,"Bryan Blair, CFA",SPX Technologies,SPXC,O,212,187.4,10/22/25
2025-10,Oct-Nov 2025,2025,Chad Larkin,"Lyft, Inc.",LYFT,O,24,20.26,10/22/25
2025-10,Oct-Nov 2025,2025,"Cheng Li, Ph.D., CFA",Wave Life Sciences Ltd.,WVE,O,24,7.18,10/22/25
2025-10,Oct-Nov 2025,2025,Chris Kotowski,Blue Owl Capital Inc.,OWL,O,24,17.17,10/22/25
2025-10,Oct-Nov 2025,2025,Christopher Glynn,Nordson Corp.,NDSN,O,275,234.15,10/22/25
2025-10,Oct-Nov 2025,2025,Colin Rusch,"Ouster, Inc.",OUST,O,39,29.36,10/22/25
2025-10,Oct-Nov 2025,2025,Edward Yang,Onto Innovation Inc.,ONTO,O,180,125.48,10/22/25
2025-10,Oct-Nov 2025,2025,"Ian Zaffino, CFA","Resideo Technologies, Inc.",REZI,O,48,41.5,10/22/25
2025-10,Oct-Nov 2025,2025,Ittai Kidron,"MongoDB, Inc.",MDB,O,385,325.1,10/22/25
2025-10,Oct-Nov 2025,2025,Jason Helfstein,Maplebear Inc. (Instacart),CART,O,65,39.47,10/22/25
2025-10,Oct-Nov 2025,2025,"Jay Olson, CFA",Neurocrine Biosciences,NBIX,O,192,141.47,10/22/25
2025-10,Oct-Nov 2025,2025,"Jed Kelly, CFA","DraftKings, Inc.",DKNG,O,55,34.7,10/22/25
2025-10,Oct-Nov 2025,2025,Jeff Jones,Perspective Therapeutics,CATX,O,14,3.01,10/22/25
2025-10,Oct-Nov 2025,2025,Ken Wong,Wix.com Ltd,WIX,O,220,135.58,10/22/25
2025-10,Oct-Nov 2025,2025,"Kristen Owen, CFA",Trimble Inc.,TRMB,O,95,79.1,10/22/25
2025-10,Oct-Nov 2025,2025,Leland Gershell,Crinetics Pharmaceuticals,CRNX,O,87,40.43,10/22/25
2025-10,Oct-Nov 2025,2025,Martin Yang,Universal Display Corp.,OLED,O,200,145.97,10/22/25
2025-10,Oct-Nov 2025,2025,Matthew Biegler,IDEAYA Biosciences,IDYA,O,36,28.64,10/22/25
2025-10,Oct-Nov 2025,2025,"Matthew Hershenhorn, CFA","Axsome Therapeutics, Inc.",AXSM,O,183,129.72,10/22/25
2025-10,Oct-Nov 2025,2025,"Michael Phillips, ACAS",Hagerty Inc.,HGTY,O,15,11.22,10/22/25
2025-10,Oct-Nov 2025,2025,Michael Wiederhorn,Addus HomeCare Corp.,ADUS,O,150,121.5,10/22/25
2025-10,Oct-Nov 2025,2025,"Mitchel Penn, CFA",Blue Owl Capital Corp.,OBDC,O,16,12.96,10/22/25
2025-10,Oct-Nov 2025,2025,Noah Kaye,"Itron, Inc.",ITRI,O,155,132.44,10/22/25
2025-10,Oct-Nov 2025,2025,Rayna Kumar,Visa Inc.,V,O,391,345.36,10/22/25
2025-10,Oct-Nov 2025,2025,Rick Schafer,NVIDIA Corp.,NVDA,O,225,180.28,10/22/25
2025-10,Oct-Nov 2025,2025,"Rupesh Parikh, CFA",Costco Wholesale Corp.,COST,O,1130,944.68,10/22/25
2025-10,Oct-Nov 2025,2025,"Scott Schneeberger, CFA",QXO,QXO,O,27,18.36,10/22/25
2025-10,Oct-Nov 2025,2025,Suraj Kalia,Abbott Laboratories,ABT,O,140,127.95,10/22/25
2025-10,Oct-Nov 2025,2025,"Timothy Horan, CFA",RingCentral,RNG,O,35,28.73,10/22/25
2025-10,Oct-Nov 2025,2025,Trevor Allred,"BridgeBio Pharma, Inc.",BBIO,O,61,53.24,10/22/25
2025-10,Oct-Nov 2025,2025,Tyler Batory,Pursuit Attractions and Hospitality,PRSU,O,45,36.38,10/22/25
2025-11,Nov-Dec 2025,2025,Andreas Argyrides,United Therapeutics,UTHR,O,575,471.92,11/17/25
2025-11,Nov-Dec 2025,2025,Brian Bittner,Darden Restaurants Inc.,DRI,O,250,171.79,11/17/25
2025-11,Nov-Dec 2025,2025,"Brian Nagel, CFA","AutoZone, Inc.",AZO,O,4600,3855.26,11/17/25
2025-11,Nov-Dec 2025,2025,Brian Schwartz,Microsoft Corporation,MSFT,O,630,507.49,11/17/25
2025-11,Nov-Dec 2025,2025,"Bryan Blair, CFA",SPX Technologies,SPXC,O,240,207.28,11/17/25
2025-11,Nov-Dec 2025,2025,Chad Larkin,"Lyft, Inc.",LYFT,O,26,21.58,11/17/25
2025-11,Nov-Dec 2025,2025,"Cheng Li, Ph.D., CFA",Wave Life Sciences Ltd.,WVE,O,24,7.15,11/17/25
2025-11,Nov-Dec 2025,2025,Chris Kotowski,Blue Owl Capital Inc.,OWL,O,25,13.77,11/17/25
2025-11,Nov-Dec 2025,2025,Christopher Glynn,Nordson Corp.,NDSN,O,275,227.79,11/17/25
2025-11,Nov-Dec 2025,2025,Colin Rusch,Amprius Technologies,AMPX,O,17,10.43,11/17/25
2025-11,Nov-Dec 2025,2025,Edward Yang,Lam Research Corporation,LRCX,O,200,147.46,11/17/25
2025-11,Nov-Dec 2025,2025,"Ian Zaffino, CFA",Turning Point Brands Inc.,TPB,O,110,100.9,11/17/25
2025-11,Nov-Dec 2025,2025,Ittai Kidron,"MongoDB, Inc.",MDB,O,385,339.6,11/17/25
2025-11,Nov-Dec 2025,2025,Jason Helfstein,Reddit Inc.,RDDT,O,300,187.55,11/17/25
2025-11,Nov-Dec 2025,2025,"Jay Olson, CFA",Neurocrine Biosciences,NBIX,O,192,143.56,11/17/25
2025-11,Nov-Dec 2025,2025,"Jed Kelly, CFA","DraftKings, Inc.",DKNG,O,50,28.82,11/17/25
2025-11,Nov-Dec 2025,2025,Jeff Jones,Ventyx Biosciences,VTYX,O,14,9.5,11/17/25
2025-11,Nov-Dec 2025,2025,Ken Wong,Wix.com Ltd,WIX,O,220,124.22,11/17/25
2025-11,Nov-Dec 2025,2025,"Kristen Owen, CFA",Trimble Inc.,TRMB,O,102,75.55,11/17/25
2025-11,Nov-Dec 2025,2025,Leland Gershell,Crinetics Pharmaceuticals,CRNX,O,87,43.52,11/17/25
2025-11,Nov-Dec 2025,2025,Martin Yang,Roblox Corporation,RBLX,O,150,101.27,11/17/25
2025-11,Nov-Dec 2025,2025,Matthew Biegler,IDEAYA Biosciences,IDYA,O,36,33.34,11/17/25
2025-11,Nov-Dec 2025,2025,"Matthew Hershenhorn, CFA","Axsome Therapeutics, Inc.",AXSM,O,190,145.56,11/17/25
2025-11,Nov-Dec 2025,2025,"Michael Phillips, ACAS",Hagerty Inc.,HGTY,O,15,13.38,11/17/25
2025-11,Nov-Dec 2025,2025,Michael Wiederhorn,Addus HomeCare Corp.,ADUS,O,155,107.81,11/17/25
2025-11,Nov-Dec 2025,2025,"Mitchel Penn, CFA",Blue Owl Capital Corp.,OBDC,O,16,11.86,11/17/25
2025-11,Nov-Dec 2025,2025,Noah Kaye,HASI,HASI,O,50,33,11/17/25
2025-11,Nov-Dec 2025,2025,Param Singh,"DigitalOcean, Inc.",DOCN,O,60,44.55,11/17/25
2025-11,Nov-Dec 2025,2025,Rayna Kumar,"Visa, Inc.",V,O,391,325.75,11/17/25
2025-11,Nov-Dec 2025,2025,Rick Schafer,NVIDIA Corp.,NVDA,O,265,186.6,11/17/25
2025-11,Nov-Dec 2025,2025,"Rupesh Parikh, CFA",Costco Wholesale Corp.,COST,O,1050,912.59,11/17/25
2025-11,Nov-Dec 2025,2025,"Scott Schneeberger, CFA",QXO,QXO,O,27,16.96,11/17/25
2025-11,Nov-Dec 2025,2025,Suraj Kalia,Abbott Laboratories,ABT,O,140,130.03,11/17/25
2025-11,Nov-Dec 2025,2025,"Timothy Horan, CFA",BlackSky Technology,BKSY,O,31,13.14,11/17/25
2025-11,Nov-Dec 2025,2025,Trevor Allred,Palvella Therapeutics Inc.,PVLA,O,120,81.64,11/17/25
2025-11,Nov-Dec 2025,2025,Tyler Batory,Pursuit Attractions and Hospitality,PRSU,O,48,32.48,11/17/25
2025-12,Dec-Jan 2026,2025,Andreas Argyrides,Gossamer Bio,GOSS,O,12,3.62,12/11/25
2025-12,Dec-Jan 2026,2025,Brian Bittner,Darden Restaurants Inc.,DRI,O,250,183.3,12/11/25
2025-12,Dec-Jan 2026,2025,"Brian Nagel, CFA",Dick's Sporting Goods,DKS,O,270,216.69,12/11/25
2025-12,Dec-Jan 2026,2025,Brian Schwartz,Salesforce Inc.,CRM,O,300,262.35,12/11/25
2025-12,Dec-Jan 2026,2025,"Bryan Blair, CFA",SPX Technologies,SPXC,O,240,224.76,12/11/25
2025-12,Dec-Jan 2026,2025,Chad Larkin,Rocket Companies,RKT,O,25,19.36,12/11/25
2025-12,Dec-Jan 2026,2025,"Cheng Li, Ph.D., CFA",Wave Life Sciences Ltd.,WVE,O,24,16.75,12/11/25
2025-12,Dec-Jan 2026,2025,Chris Kotowski,Blue Owl Capital Inc.,OWL,O,25,16.11,12/11/25
2025-12,Dec-Jan 2026,2025,Christopher Glynn,Nordson Corp.,NDSN,O,275,234.43,12/11/25
2025-12,Dec-Jan 2026,2025,Colin Rusch,Amprius Technologies,AMPX,O,17,11.44,12/11/25
2025-12,Dec-Jan 2026,2025,Edward Yang,Lam Research Corporation,LRCX,O,200,168.71,12/11/25
2025-12,Dec-Jan 2026,2025,"Ian Zaffino, CFA",KBR Inc.,KBR,O,60,44.02,12/11/25
2025-12,Dec-Jan 2026,2025,Ittai Kidron,"MongoDB, Inc.",MDB,O,450,420.39,12/11/25
2025-12,Dec-Jan 2026,2025,Jason Helfstein,"Netflix, Inc.",NFLX,O,145,94.09,12/11/25
2025-12,Dec-Jan 2026,2025,"Jay Olson, CFA",Neurocrine Biosciences,NBIX,O,192,154.75,12/11/25
2025-12,Dec-Jan 2026,2025,"Jed Kelly, CFA","DraftKings, Inc.",DKNG,O,50,34.89,12/11/25
2025-12,Dec-Jan 2026,2025,Jeff Jones,Ventyx Biosciences,VTYX,O,14,8.5,12/11/25
2025-12,Dec-Jan 2026,2025,Ken Wong,Wix.com Ltd,WIX,O,160,102.71,12/11/25
2025-12,Dec-Jan 2026,2025,Kostas Biliouris,Centessa Pharmaceuticals plc,CNTA,O,62,27.18,12/11/25
2025-12,Dec-Jan 2026,2025,"Kristen Owen, CFA",Trimble Inc.,TRMB,O,102,83.34,12/11/25
2025-12,Dec-Jan 2026,2025,Leland Gershell,Crinetics Pharmaceuticals,CRNX,O,87,49.31,12/11/25
2025-12,Dec-Jan 2026,2025,Martin Yang,Roblox Corporation,RBLX,O,150,94.34,12/11/25
2025-12,Dec-Jan 2026,2025,Matthew Biegler,IDEAYA Biosciences,IDYA,O,36,33.56,12/11/25
2025-12,Dec-Jan 2026,2025,"Matthew Hershenhorn, CFA","Axsome Therapeutics, Inc.",AXSM,O,190,148.75,12/11/25
2025-12,Dec-Jan 2026,2025,"Michael Phillips, ACAS",Hagerty Inc.,HGTY,O,15,12.93,12/11/25
2025-12,Dec-Jan 2026,2025,Michael Wiederhorn,Addus HomeCare Corp.,ADUS,O,155,114.36,12/11/25
2025-12,Dec-Jan 2026,2025,"Mitchel Penn, CFA",Blue Owl Capital Corp.,OBDC,O,16,13.15,12/11/25
2025-12,Dec-Jan 2026,2025,Noah Kaye,HASI,HASI,O,50,33.09,12/11/25
2025-12,Dec-Jan 2026,2025,Param Singh,"DigitalOcean, Inc.",DOCN,O,60,49.17,12/11/25
2025-12,Dec-Jan 2026,2025,Rayna Kumar,Visa Inc.,V,O,391,345.63,12/11/25
2025-12,Dec-Jan 2026,2025,Rick Schafer,"Marvell Technology, Inc.",MRVL,O,150,89.43,12/11/25
2025-12,Dec-Jan 2026,2025,"Rupesh Parikh, CFA",Costco Wholesale Corp.,COST,O,1050,884.48,12/11/25
2025-12,Dec-Jan 2026,2025,"Scott Schneeberger, CFA",QXO,QXO,O,27,22.12,12/11/25
2025-12,Dec-Jan 2026,2025,"Timothy Horan, CFA",BlackSky Technology,BKSY,O,31,19.55,12/11/25
2025-12,Dec-Jan 2026,2025,Trevor Allred,Palvella Therapeutics Inc.,PVLA,O,120,96.78,12/11/25
2025-12,Dec-Jan 2026,2025,Tyler Batory,Pursuit Attractions and Hospitality,PRSU,O,48,35.6,12/11/25
2026-01,Jan-Feb 2026,2026,Andreas Argyrides,Gossamer Bio,GOSS,O,12,2.6,1/20/26
2026-01,Jan-Feb 2026,2026,Brian Bittner,Chipotle Mexican Grill,CMG,O,51,39,1/20/26
2026-01,Jan-Feb 2026,2026,"Brian Nagel, CFA",Dick’s Sporting Goods,DKS,O,270,206.25,1/20/26
2026-01,Jan-Feb 2026,2026,Brian Schwartz,Microsoft,MSFT,O,630,454.52,1/20/26
2026-01,Jan-Feb 2026,2026,"Bryan Blair, CFA",ESAB Corp.,ESAB,O,142,117.84,1/20/26
2026-01,Jan-Feb 2026,2026,Chad Larkin,Rocket Companies,RKT,O,25,22.05,1/20/26
2026-01,Jan-Feb 2026,2026,"Cheng Li, Ph.D., CFA",Wave Life Sciences,WVE,O,32,13.82,1/20/26
2026-01,Jan-Feb 2026,2026,Chris Kotowski,Blue Owl Capital Inc.,OWL,O,27,15.35,1/20/26
2026-01,Jan-Feb 2026,2026,Christopher Glynn,Nordson,NDSN,O,285,266.08,1/20/26
2026-01,Jan-Feb 2026,2026,Colin Rusch,Enphase Energy,ENPH,O,67,34.52,1/20/26
2026-01,Jan-Feb 2026,2026,Edward Yang,Qnity Electronics,Q,O,100,95.13,1/20/26
2026-01,Jan-Feb 2026,2026,"Ian Zaffino, CFA",KBR Inc.,KBR,O,60,43.48,1/20/26
2026-01,Jan-Feb 2026,2026,Ittai Kidron,MongoDB,MDB,O,490,384.82,1/20/26
2026-01,Jan-Feb 2026,2026,Jason Helfstein,"Maplebear, Inc.",CART,O,65,38.55,1/20/26
2026-01,Jan-Feb 2026,2026,"Jay Olson, CFA",Neurocrine Biosciences,NBIX,O,192,134.54,1/20/26
2026-01,Jan-Feb 2026,2026,"Jed Kelly, CFA",DraftKings,DKNG,O,50,32.25,1/20/26
2026-01,Jan-Feb 2026,2026,Jeff Jones,Alumis,ALMS,O,50,26.06,1/20/26
2026-01,Jan-Feb 2026,2026,Ken Wong,Wix.com Ltd,WIX,O,160,76.24,1/20/26
2026-01,Jan-Feb 2026,2026,Kostas Biliouris,Legend Biotech,LEGN,O,75,23.42,1/20/26
2026-01,Jan-Feb 2026,2026,"Kristen Owen, CFA",Trimble,TRMB,O,102,69.59,1/20/26
2026-01,Jan-Feb 2026,2026,Leland Gershell,Crinetics Pharmaceuticals,CRNX,O,87,55.69,1/20/26
2026-01,Jan-Feb 2026,2026,Martin Yang,Roblox Corporation,RBLX,O,150,78.84,1/20/26
2026-01,Jan-Feb 2026,2026,Matthew Biegler,Tyra Biosciences,TYRA,O,36,29.51,1/20/26
2026-01,Jan-Feb 2026,2026,"Matthew Hershenhorn, CFA",Axsome Therapeutics,AXSM,O,220,184.5,1/20/26
2026-01,Jan-Feb 2026,2026,"Michael Phillips, ACAS",Hagerty,HGTY,O,15,12.65,1/20/26
2026-01,Jan-Feb 2026,2026,Michael Wiederhorn,Addus HomeCare,ADUS,O,155,108.67,1/20/26
2026-01,Jan-Feb 2026,2026,"Mitchel Penn, CFA",Blue Owl Capital Corp.,OBDC,O,16,12.42,1/20/26
2026-01,Jan-Feb 2026,2026,Noah Kaye,Modine Manufacturing,MOD,O,185,136.36,1/20/26
2026-01,Jan-Feb 2026,2026,Param Singh,DigitalOcean,DOCN,O,60,50.03,1/20/26
2026-01,Jan-Feb 2026,2026,Rayna Kumar,Mastercard,MA,O,683,531.74,1/20/26
2026-01,Jan-Feb 2026,2026,Rick Schafer,Marvell Technology,MRVL,O,150,79.8,1/20/26
2026-01,Jan-Feb 2026,2026,"Rupesh Parikh, CFA",Costco,COST,O,1050,964.26,1/20/26
2026-01,Jan-Feb 2026,2026,"Scott Schneeberger, CFA",QXO,QXO,O,30,23.52,1/20/26
2026-01,Jan-Feb 2026,2026,Suraj Kalia,iRhythm,IRTC,O,225,165.6,1/20/26
2026-01,Jan-Feb 2026,2026,"Timothy Horan, CFA",TeraWulf,WULF,O,20,13.33,1/20/26
2026-01,Jan-Feb 2026,2026,Trevor Allred,Palvella Therapeutics,PVLA,O,200,98.01,1/20/26
2026-01,Jan-Feb 2026,2026,Tyler Batory,Pursuit Attractions and Hospitality,PRSU,O,48,33.04,1/20/26
2026-02,Feb-Mar 2026,2026,Andreas Argyrides,Gossamer Bio,GOSS,O,12,2.29,2/13/26
2026-02,Feb-Mar 2026,2026,Brian Bittner,Chipotle Mexican Grill,CMG,O,51,36.3,2/13/26
2026-02,Feb-Mar 2026,2026,"Brian Nagel, CFA",Dick’s Sporting Goods,DKS,O,270,201.25,2/13/26
2026-02,Feb-Mar 2026,2026,Brian Schwartz,ServiceNow,NOW,O,175,107.08,2/13/26
2026-02,Feb-Mar 2026,2026,"Bryan Blair, CFA",ESAB Corp.,ESAB,O,148,134.82,2/13/26
2026-02,Feb-Mar 2026,2026,Chad Larkin,Rocket Companies,RKT,O,25,18.68,2/13/26
2026-02,Feb-Mar 2026,2026,"Cheng Li, Ph.D., CFA",Wave Life Sciences,WVE,O,32,12.68,2/13/26
2026-02,Feb-Mar 2026,2026,Chris Kotowski,Blue Owl Capital Inc.,OWL,O,24,12.3,2/13/26
2026-02,Feb-Mar 2026,2026,Christopher Glynn,TE Connectivity,TEL,O,285,236.19,2/13/26
2026-02,Feb-Mar 2026,2026,Colin Rusch,Electrovaya,ELVA,O,14,7.75,2/13/26
2026-02,Feb-Mar 2026,2026,Edward Yang,KLA Corp,KLAC,O,1800,1464.13,2/13/26
2026-02,Feb-Mar 2026,2026,"Ian Zaffino, CFA",Arcosa,ACA,O,130,127.47,2/13/26
2026-02,Feb-Mar 2026,2026,Ittai Kidron,MongoDB,MDB,O,425,368.4,2/13/26
2026-02,Feb-Mar 2026,2026,Jason Helfstein,Reddit,RDDT,O,250,139.65,2/13/26
2026-02,Feb-Mar 2026,2026,"Jay Olson, CFA",Neurocrine Biosciences,NBIX,O,192,124.12,2/13/26
2026-02,Feb-Mar 2026,2026,"Jed Kelly, CFA",Genius Sports,GENI,O,12,5.79,2/13/26
2026-02,Feb-Mar 2026,2026,Jeff Jones,Alumis,ALMS,O,50,26.54,2/13/26
2026-02,Feb-Mar 2026,2026,Ken Wong,Wix.com Ltd,WIX,O,130,69.23,2/13/26
2026-02,Feb-Mar 2026,2026,Kostas Biliouris,Legend Biotech,LEGN,O,75,17.58,2/13/26
2026-02,Feb-Mar 2026,2026,"Kristen Owen, CFA",CNH Industrial NV,CNH,O,16,12.75,2/13/26
2026-02,Feb-Mar 2026,2026,Leland Gershell,Crinetics Pharmaceuticals,CRNX,O,87,42.7,2/13/26
2026-02,Feb-Mar 2026,2026,Martin Yang,AppLovin,APP,O,740,390.55,2/13/26
2026-02,Feb-Mar 2026,2026,Matthew Biegler,Tyra Biosciences,TYRA,O,50,27.99,2/13/26
2026-02,Feb-Mar 2026,2026,"Matthew Hershenhorn, CFA",Axsome Therapeutics,AXSM,O,220,181.21,2/13/26
2026-02,Feb-Mar 2026,2026,"Michael Phillips, ACAS",Hagerty,HGTY,O,15,12.06,2/13/26
2026-02,Feb-Mar 2026,2026,Michael Wiederhorn,Addus HomeCare,ADUS,O,155,113.8,2/13/26
2026-02,Feb-Mar 2026,2026,"Mitchel Penn, CFA",Blue Owl Capital Corp.,OBDC,O,16,11.47,2/13/26
2026-02,Feb-Mar 2026,2026,Noah Kaye,Modine Manufacturing,MOD,O,240,216.5,2/13/26
2026-02,Feb-Mar 2026,2026,Param Singh,Akamai Technologies,AKAM,O,115,111.76,2/13/26
2026-02,Feb-Mar 2026,2026,Rayna Kumar,Mastercard,MA,O,683,518.36,2/13/26
2026-02,Feb-Mar 2026,2026,Rick Schafer,Marvell Technology,MRVL,O,150,78.61,2/13/26
2026-02,Feb-Mar 2026,2026,"Rupesh Parikh, CFA",Ulta Beauty,ULTA,O,750,683.4,2/13/26
2026-02,Feb-Mar 2026,2026,"Scott Schneeberger, CFA",QXO,QXO,O,30,27.07,2/13/26
2026-02,Feb-Mar 2026,2026,Suraj Kalia,iRhythm,IRTC,O,225,144.21,2/13/26
2026-02,Feb-Mar 2026,2026,"Timothy Horan, CFA",TeraWulf,WULF,O,20,16.26,2/13/26
2026-02,Feb-Mar 2026,2026,Trevor Allred,Palvella Therapeutics,PVLA,O,200,81.54,2/13/26
2026-02,Feb-Mar 2026,2026,Tyler Batory,Pursuit Attractions and Hospitality,PRSU,O,48,36.62,2/13/26
2026-03,Mar-Apr 2026,2026,Andreas Argyrides,United Therapeutics,UTHR,O,650,536.12,3/13/26
2026-03,Mar-Apr 2026,2026,Brian Bittner,McDonald’s,MCD,O,355,326.46,3/13/26
2026-03,Mar-Apr 2026,2026,"Brian Nagel, CFA",AutoZone,AZO,O,4300,3562.85,3/13/26
2026-03,Mar-Apr 2026,2026,Brian Schwartz,Oracle,ORCL,O,210,155.11,3/13/26
2026-03,Mar-Apr 2026,2026,"Bryan Blair, CFA",IDEX Corp.,IEX,O,230,188.18,3/13/26
2026-03,Mar-Apr 2026,2026,Chad Larkin,"Lyft, Inc",LYFT,O,26,13.07,3/13/26
2026-03,Mar-Apr 2026,2026,"Cheng Li, Ph.D., CFA",Wave Life Sciences,WVE,O,32,13.02,3/13/26
2026-03,Mar-Apr 2026,2026,Chris Kotowski,Jefferies Financial Group,JEF,O,74,36.36,3/13/26
2026-03,Mar-Apr 2026,2026,Christopher Glynn,TE Connectivity,TEL,O,285,199.41,3/13/26
2026-03,Mar-Apr 2026,2026,Colin Rusch,Electrovaya,ELVA,O,14,7.98,3/13/26
2026-03,Mar-Apr 2026,2026,Edward Yang,KLA Corp,KLAC,O,1900,1418.64,3/13/26
2026-03,Mar-Apr 2026,2026,"Ian Zaffino, CFA",Turning Point Brands,TPB,O,130,90.62,3/13/26
2026-03,Mar-Apr 2026,2026,Ittai Kidron,MongoDB,MDB,O,375,260.5,3/13/26
2026-03,Mar-Apr 2026,2026,Jason Helfstein,DoorDash,DASH,O,235,161.36,3/13/26
2026-03,Mar-Apr 2026,2026,"Jay Olson, CFA",Neurocrine Biosciences,NBIX,O,192,129.78,3/13/26
2026-03,Mar-Apr 2026,2026,"Jed Kelly, CFA",Genius Sports,GENI,O,11,5.33,3/13/26
2026-03,Mar-Apr 2026,2026,Jeff Jones,Alumis,ALMS,O,50,24.81,3/13/26
2026-03,Mar-Apr 2026,2026,Ken Wong,Wix.com Ltd,WIX,O,130,88.09,3/13/26
2026-03,Mar-Apr 2026,2026,Kostas Biliouris,Centessa Pharmaceuticals,CNTA,O,62,26.33,3/13/26
2026-03,Mar-Apr 2026,2026,"Kristen Owen, CFA",CNH Industrial NV,CNH,O,16,10.65,3/13/26
2026-03,Mar-Apr 2026,2026,Leland Gershell,Capricor Therapeutics,CAPR,O,54,30.5,3/13/26
2026-03,Mar-Apr 2026,2026,Martin Yang,AppLovin,APP,O,660,458.67,3/13/26
2026-03,Mar-Apr 2026,2026,Matthew Biegler,Tyra Biosciences,TYRA,O,50,36.22,3/13/26
2026-03,Mar-Apr 2026,2026,"Matthew Hershenhorn, CFA",Axsome Therapeutics,AXSM,O,220,156.08,3/13/26
2026-03,Mar-Apr 2026,2026,"Michael Phillips, ACAS",Hagerty,HGTY,O,15,10.23,3/13/26
2026-03,Mar-Apr 2026,2026,Michael Wiederhorn,Addus HomeCare,ADUS,O,155,101.35,3/13/26
2026-03,Mar-Apr 2026,2026,"Mitchel Penn, CFA",Blue Owl Capital Corp.,OBDC,O,15,10.95,3/13/26
2026-03,Mar-Apr 2026,2026,Noah Kaye,Modine Manufacturing,MOD,O,240,188.54,3/13/26
2026-03,Mar-Apr 2026,2026,Param Singh,DigitalOcean,DOCN,O,85,68.63,3/13/26
2026-03,Mar-Apr 2026,2026,Rayna Kumar,Mastercard,MA,O,683,497.99,3/13/26
2026-03,Mar-Apr 2026,2026,Rick Schafer,Marvell Technology,MRVL,O,150,87.86,3/13/26
2026-03,Mar-Apr 2026,2026,"Rupesh Parikh, CFA",Costco Wholesale,COST,O,1100,1008.43,3/13/26
2026-03,Mar-Apr 2026,2026,"Scott Schneeberger, CFA",QXO,QXO,O,30,20.18,3/13/26
2026-03,Mar-Apr 2026,2026,Suraj Kalia,iRhythm,IRTC,O,225,113,3/13/26
2026-03,Mar-Apr 2026,2026,"Timothy Horan, CFA",Cogent Communications,CCOI,O,30,18.8,3/13/26
2026-03,Mar-Apr 2026,2026,Trevor Allred,Dianthus Therapeutics,DNTH,O,145,77.86,3/13/26
2026-03,Mar-Apr 2026,2026,Tyler Batory,Pursuit Attractions and Hospitality,PRSU,O,48,36.28,3/13/26
2026-04,Apr-May 2026,2026,Brian Bittner,McDonald’s,MCD,O,355,303.22,4/14/26
2026-04,Apr-May 2026,2026,"Brian Nagel, CFA",Dick’s Sporting Goods,DKS,O,270,216.24,4/14/26
2026-04,Apr-May 2026,2026,Brian Schwartz,Oracle,ORCL,O,210,163,4/14/26
2026-04,Apr-May 2026,2026,"Bryan Blair, CFA",IDEX Corp.,IEX,O,230,204.9,4/14/26
2026-04,Apr-May 2026,2026,Chad Larkin,"Lyft, Inc",LYFT,O,26,13.71,4/14/26
2026-04,Apr-May 2026,2026,"Cheng Li, Ph.D., CFA",Wave Life Sciences,WVE,O,32,7.39,4/14/26
2026-04,Apr-May 2026,2026,Chris Kotowski,Jefferies Financial Group,JEF,O,72,47.06,4/14/26
2026-04,Apr-May 2026,2026,Christopher Glynn,TE Connectivity,TEL,O,285,236.88,4/14/26
2026-04,Apr-May 2026,2026,Colin Rusch,Electrovaya,ELVA,O,14,9.57,4/14/26
2026-04,Apr-May 2026,2026,Edward Yang,KLA Corp,KLAC,O,1900,1795.91,4/14/26
2026-04,Apr-May 2026,2026,"Ian Zaffino, CFA",Crane NXT,CXT,O,65,45.61,4/14/26
2026-04,Apr-May 2026,2026,Ittai Kidron,Twilio,TWLO,O,170,124,4/14/26
2026-04,Apr-May 2026,2026,Jason Helfstein,DoorDash,DASH,O,235,163.55,4/14/26
2026-04,Apr-May 2026,2026,"Jay Olson, CFA",Neurocrine Biosciences,NBIX,O,220,130.81,4/14/26
2026-04,Apr-May 2026,2026,"Jed Kelly, CFA",Genius Sports,GENI,O,11,4.27,4/14/26
2026-04,Apr-May 2026,2026,Jeff Jones,Alumis,ALMS,O,55,22.89,4/14/26
2026-04,Apr-May 2026,2026,Ken Wong,Tyler Technologies,TYL,O,450,322.31,4/14/26
2026-04,Apr-May 2026,2026,Kostas Biliouris,Design Therapeutics,DSGN,O,18,12.64,4/14/26
2026-04,Apr-May 2026,2026,"Kristen Owen, CFA",CNH Industrial NV,CNH,O,16,11.49,4/14/26
2026-04,Apr-May 2026,2026,Leland Gershell,Spruce Biosciences,SPRB,O,283,67.8,4/14/26
2026-04,Apr-May 2026,2026,Martin Yang,AppLovin,APP,O,660,433.51,4/14/26
2026-04,Apr-May 2026,2026,Matthew Biegler,Zentalis Pharmaceuticals,ZNTL,O,9,5.2,4/14/26
2026-04,Apr-May 2026,2026,"Matthew Hershenhorn, CFA",Axsome Therapeutics,AXSM,O,220,184.18,4/14/26
2026-04,Apr-May 2026,2026,"Michael Phillips, ACAS",Hagerty,HGTY,O,15,10.92,4/14/26
2026-04,Apr-May 2026,2026,Michael Wiederhorn,Addus HomeCare,ADUS,O,155,93.23,4/14/26
2026-04,Apr-May 2026,2026,"Mitchel Penn, CFA",Blue Owl Capital Corp.,OBDC,O,15,11.34,4/14/26
2026-04,Apr-May 2026,2026,Noah Kaye,Modine Manufacturing,MOD,O,271,253.66,4/14/26
2026-04,Apr-May 2026,2026,Param Singh,DigitalOcean,DOCN,O,100,73.45,4/14/26
2026-04,Apr-May 2026,2026,Rayna Kumar,Mastercard,MA,O,683,513.16,4/14/26
2026-04,Apr-May 2026,2026,Rick Schafer,Marvell Technology,MRVL,O,170,133.83,4/14/26
2026-04,Apr-May 2026,2026,"Rupesh Parikh, CFA",Freshpet,FRPT,O,80,69.11,4/14/26
2026-04,Apr-May 2026,2026,"Scott Schneeberger, CFA",QXO,QXO,O,30,23.34,4/14/26
2026-04,Apr-May 2026,2026,Suraj Kalia,iRhythm,IRTC,O,225,123.23,4/14/26
2026-04,Apr-May 2026,2026,"Timothy Horan, CFA",Ondas,ONDS,O,16,9.4,4/14/26
2026-04,Apr-May 2026,2026,Tyler Batory,Pursuit Attractions and Hospitality,PRSU,O,48,41.06,4/14/26
2026-05,May-Jun 2026,2026,Brian Bittner,McDonald’s,MCD,O,355,282.47,5/18/26
2026-05,May-Jun 2026,2026,"Brian Nagel, CFA",Dick’s Sporting Goods,DKS,O,270,210.45,5/18/26
2026-05,May-Jun 2026,2026,Brian Schwartz,Oracle,ORCL,O,235,186.61,5/18/26
2026-05,May-Jun 2026,2026,"Bryan Blair, CFA",IDEX Corp.,IEX,O,242,208.63,5/18/26
2026-05,May-Jun 2026,2026,Chad Larkin,"Lyft, Inc",LYFT,O,20,13.37,5/18/26
2026-05,May-Jun 2026,2026,"Cheng Li, Ph.D., CFA",Wave Life Sciences,WVE,O,32,6.4,5/18/26
2026-05,May-Jun 2026,2026,Chris Kotowski,Blackstone Inc.,BX,O,156,117.04,5/18/26
2026-05,May-Jun 2026,2026,Christopher Glynn,Sensata Technologies,ST,O,55,47.82,5/18/26
2026-05,May-Jun 2026,2026,Colin Rusch,Electrovaya,ELVA,O,14,9.77,5/18/26
2026-05,May-Jun 2026,2026,Edward Yang,Lam Research,LRCX,O,330,277.96,5/18/26
2026-05,May-Jun 2026,2026,"Ian Zaffino, CFA",Resideo Technologies,REZI,O,48,28.25,5/18/26
2026-05,May-Jun 2026,2026,Ittai Kidron,Twilio,TWLO,O,235,197.68,5/18/26
2026-05,May-Jun 2026,2026,Jason Helfstein,Reddit,RDDT,O,225,159.11,5/18/26
2026-05,May-Jun 2026,2026,"Jay Olson, CFA",Neurocrine Biosciences,NBIX,O,230,157.21,5/18/26
2026-05,May-Jun 2026,2026,"Jed Kelly, CFA",Airbnb,ABNB,O,180,134.3,5/18/26
2026-05,May-Jun 2026,2026,Jeff Jones,Pharvaris N.V.,PHVS,O,50,28.81,5/18/26
2026-05,May-Jun 2026,2026,Ken Wong,Tyler Technologies,TYL,O,450,320.79,5/18/26
2026-05,May-Jun 2026,2026,Kostas Biliouris,Design Therapeutics,DSGN,O,21,10.7,5/18/26
2026-05,May-Jun 2026,2026,"Kristen Owen, CFA",CNH Industrial NV,CNH,O,16,10.5,5/18/26
2026-05,May-Jun 2026,2026,Leland Gershell,Spruce Biosciences,SPRB,O,283,51.41,5/18/26
2026-05,May-Jun 2026,2026,Martin Yang,AppLovin,APP,O,660,492.38,5/18/26
2026-05,May-Jun 2026,2026,Matthew Biegler,Zentalis Pharmaceuticals,ZNTL,O,9,3.63,5/18/26
2026-05,May-Jun 2026,2026,"Matthew Hershenhorn, CFA",Axsome Therapeutics,AXSM,O,280,227.4,5/18/26
2026-05,May-Jun 2026,2026,"Michael Phillips, ACAS",SiriusPoint,SPNT,O,27,23.86,5/18/26
2026-05,May-Jun 2026,2026,Michael Wiederhorn,The Ensign Group,ENSG,O,210,176.66,5/18/26
2026-05,May-Jun 2026,2026,"Mitchel Penn, CFA",Blue Owl Capital Corp.,OBDC,O,15,11.01,5/18/26
2026-05,May-Jun 2026,2026,Noah Kaye,HASI,HASI,O,52,40.77,5/18/26
2026-05,May-Jun 2026,2026,Param Singh,DigitalOcean,DOCN,O,190,147.43,5/18/26
2026-05,May-Jun 2026,2026,Rayna Kumar,Mastercard,MA,O,683,505.79,5/18/26
2026-05,May-Jun 2026,2026,Rick Schafer,NVIDIA,NVDA,O,265,222.32,5/18/26
2026-05,May-Jun 2026,2026,"Rupesh Parikh, CFA",Freshpet,FRPT,O,80,48.45,5/18/26
2026-05,May-Jun 2026,2026,"Scott Schneeberger, CFA",QXO,QXO,O,32,16.7,5/18/26
2026-05,May-Jun 2026,2026,Suraj Kalia,iRhythm,IRTC,O,185,110.94,5/18/26
2026-05,May-Jun 2026,2026,"Timothy Horan, CFA",Ondas,ONDS,O,16,9.7,5/18/26
2026-05,May-Jun 2026,2026,Tyler Batory,Pursuit Attractions and Hospitality,PRSU,O,50,42.85,5/18/26
2026-06,Jun-Jul 2026,2026,Brent Thielman,Comfort Systems,FIX,O,2200,1913.94,6/16/26
2026-06,Jun-Jul 2026,2026,Brian Bittner,Chipotle Mexican Grill,CMG,O,51,32.61,6/16/26
2026-06,Jun-Jul 2026,2026,"Brian Nagel, CFA",Life Time Group,LTH,O,43,34.87,6/16/26
2026-06,Jun-Jul 2026,2026,Brian Schwartz,ServiceNow,NOW,O,130,101.33,6/16/26
2026-06,Jun-Jul 2026,2026,"Bryan Blair, CFA",IDEX Corp.,IEX,O,250,223.81,6/16/26
2026-06,Jun-Jul 2026,2026,Chad Larkin,"Lyft, Inc",LYFT,O,20,14.28,6/16/26
2026-06,Jun-Jul 2026,2026,Chris Kotowski,Blackstone Inc.,BX,O,156,127.87,6/16/26
2026-06,Jun-Jul 2026,2026,Christopher Glynn,Sensata Technologies,ST,O,55,50.25,6/16/26
2026-06,Jun-Jul 2026,2026,Colin Rusch,Electrovaya,ELVA,O,14,9.57,6/16/26
2026-06,Jun-Jul 2026,2026,Edward Yang,Lam Research,LRCX,O,400,369.34,6/16/26
2026-06,Jun-Jul 2026,2026,"Ian Zaffino, CFA",Resideo Technologies,REZI,O,48,32.25,6/16/26
2026-06,Jun-Jul 2026,2026,Ittai Kidron,MongoDB,MDB,O,410,348.81,6/16/26
2026-06,Jun-Jul 2026,2026,Jason Helfstein,Compass,COMP,O,15,9.42,6/16/26
2026-06,Jun-Jul 2026,2026,"Jay Olson, CFA",BioAge Labs,BIOA,O,60,20.49,6/16/26
2026-06,Jun-Jul 2026,2026,"Jed Kelly, CFA",Airbnb,ABNB,O,180,141.2,6/16/26
2026-06,Jun-Jul 2026,2026,Jeff Jones,Corbus Pharmaceuticals,CRBP,O,52,7.88,6/16/26
2026-06,Jun-Jul 2026,2026,Ken Wong,Tyler Technologies,TYL,O,450,298.27,6/16/26
2026-06,Jun-Jul 2026,2026,Kostas Biliouris,Design Therapeutics,DSGN,O,21,10.72,6/16/26
2026-06,Jun-Jul 2026,2026,"Kristen Owen, CFA",CNH Industrial NV,CNH,O,16,10.51,6/16/26
2026-06,Jun-Jul 2026,2026,Leland Gershell,Climb Bio,CLYM,O,18,10.71,6/16/26
2026-06,Jun-Jul 2026,2026,Martin Yang,AppLovin,APP,O,660,515.2,6/16/26
2026-06,Jun-Jul 2026,2026,"Matthew Hershenhorn, CFA",Axsome Therapeutics,AXSM,O,280,251.91,6/16/26
2026-06,Jun-Jul 2026,2026,Mazahir Alimohamed,Inhibikase,IKT,O,5,1.67,6/16/26
2026-06,Jun-Jul 2026,2026,"Michael Phillips, ACAS",Selective Insurance Group,SIGI,O,105,92.56,6/16/26
2026-06,Jun-Jul 2026,2026,Michael Wiederhorn,The Ensign Group,ENSG,O,210,156.93,6/16/26
2026-06,Jun-Jul 2026,2026,"Mitchel Penn, CFA",Blue Owl Capital Corp.,OBDC,O,15,11.09,6/16/26
2026-06,Jun-Jul 2026,2026,Noah Kaye,Modine Manufacturing,MOD,O,325,284.97,6/16/26
2026-06,Jun-Jul 2026,2026,Param Singh,DigitalOcean,DOCN,O,190,174.18,6/16/26
2026-06,Jun-Jul 2026,2026,Rayna Kumar,Mastercard,MA,O,683,501.33,6/16/26
2026-06,Jun-Jul 2026,2026,Rick Schafer,NVIDIA,NVDA,O,265,207.41,6/16/26
2026-06,Jun-Jul 2026,2026,"Rupesh Parikh, CFA",Freshpet,FRPT,O,80,57.09,6/16/26
2026-06,Jun-Jul 2026,2026,"Scott Schneeberger, CFA",QXO,QXO,O,32,17.01,6/16/26
2026-06,Jun-Jul 2026,2026,Suraj Kalia,iRhythm,IRTC,O,185,108.84,6/16/26
2026-06,Jun-Jul 2026,2026,"Timothy Horan, CFA",Ondas,ONDS,O,16,9.21,6/16/26
2026-06,Jun-Jul 2026,2026,Tyler Batory,James Hardie Industries,JHX,O,30,25.63,6/16/26
2026-07,July-? 2026,2026,Brent Thielman,Comfort Systems,FIX,O,2200,1775.1,7/14/26
2026-07,July-? 2026,2026,Brian Bittner,Chipotle Mexican Grill,CMG,O,51,36.43,7/14/26
2026-07,July-? 2026,2026,"Brian Nagel, CFA",Life Time Group,LTH,O,60,41.57,7/14/26
2026-07,July-? 2026,2026,Brian Schwartz,ServiceNow,NOW,O,140,104.85,7/14/26
2026-07,July-? 2026,2026,"Bryan Blair, CFA",IDEX Corp.,IEX,O,250,222.74,7/14/26
2026-07,July-? 2026,2026,Chad Larkin,"Lyft, Inc",LYFT,O,20,15.61,7/14/26
2026-07,July-? 2026,2026,Chris Kotowski,Blackstone Inc.,BX,O,156,124.56,7/14/26
2026-07,July-? 2026,2026,Colin Rusch,Aurora Innovation,AUR,O,15,6.13,7/14/26
2026-07,July-? 2026,2026,Edward Yang,Lam Research,LRCX,O,400,346.1,7/14/26
2026-07,July-? 2026,2026,"Ian Zaffino, CFA",Resideo Technologies,REZI,O,48,36.86,7/14/26
2026-07,July-? 2026,2026,Ittai Kidron,MongoDB,MDB,O,410,344.67,7/14/26
2026-07,July-? 2026,2026,Jason Helfstein,Netflix,NFLX,O,100,73.53,7/14/26
2026-07,July-? 2026,2026,"Jay Olson, CFA",BioAge Labs,BIOA,O,60,22.78,7/14/26
2026-07,July-? 2026,2026,"Jed Kelly, CFA",Airbnb,ABNB,O,180,146.54,7/14/26
2026-07,July-? 2026,2026,Jeff Jones,Pharvaris N.V.,PHVS,O,50,34.42,7/14/26
2026-07,July-? 2026,2026,Ken Wong,Tyler Technologies,TYL,O,450,301.29,7/14/26
2026-07,July-? 2026,2026,Kostas Biliouris,Design Therapeutics,DSGN,O,21,13.67,7/14/26
2026-07,July-? 2026,2026,"Kristen Owen, CFA",CNH Industrial NV,CNH,O,16,10.42,7/14/26
2026-07,July-? 2026,2026,Leland Gershell,Climb Bio,CLYM,O,18,13.24,7/14/26
2026-07,July-? 2026,2026,Martin Yang,AppLovin,APP,O,660,448.98,7/14/26
2026-07,July-? 2026,2026,"Matthew Hershenhorn, CFA",Axsome Therapeutics,AXSM,O,280,235.26,7/14/26
2026-07,July-? 2026,2026,Mazahir Alimohamed,Inhibikase,IKT,O,5,2.06,7/14/26
2026-07,July-? 2026,2026,"Michael Phillips, ACAS",Selective Insurance Group,SIGI,O,105,96.34,7/14/26
2026-07,July-? 2026,2026,Michael Wiederhorn,The Ensign Group,ENSG,O,210,166.73,7/14/26
2026-07,July-? 2026,2026,"Mitchel Penn, CFA",Blue Owl Capital Corp.,OBDC,O,15,10.99,7/14/26
2026-07,July-? 2026,2026,Noah Kaye,Modine Manufacturing,MOD,O,325,229.57,7/14/26
2026-07,July-? 2026,2026,Param Singh,DigitalOcean,DOCN,O,190,126.3,7/14/26
2026-07,July-? 2026,2026,Rayna Kumar,Mastercard,MA,O,683,538.02,7/14/26
2026-07,July-? 2026,2026,Rick Schafer,NVIDIA,NVDA,O,265,211.8,7/14/26
2026-07,July-? 2026,2026,"Rupesh Parikh, CFA",Freshpet,FRPT,O,80,54.23,7/14/26
2026-07,July-? 2026,2026,"Scott Schneeberger, CFA",QXO,QXO,O,32,14.46,7/14/26
2026-07,July-? 2026,2026,Suraj Kalia,iRhythm,IRTC,O,185,112.55,7/14/26
2026-07,July-? 2026,2026,"Timothy Horan, CFA",Ondas,ONDS,O,16,7.36,7/14/26
2026-07,July-? 2026,2026,Tyler Batory,James Hardie Industries,JHX,O,30,25.78,7/14/26
